alligator,acorn,accordion,Amsterdam,arm,actor,Abraham Lincoln,Adidas,assault,alarm,abyss,airport,beach,bad
alpaca,almond,bagpipes,Argentina,backbone,archaeologist,Aladdin,Android,bellow,bar,accident,apartment,birch,bald
anaconda,apple,banjo,Brazil,belly,assassin,Angry Birds,Apple,dream,bell,ace,bank,branch,black
ant,apricot,cello,China,belly button,athlete,Bambi,Audi,drink,board,alcohol,bar,cactus,blue
armadillo,avocado,clarinet,Croatia,butt cheeks,banker,Barack Obama,Bitcoin,eat,bubble,apocalypse,barn,canyon,clean
bat,bacon,drum kit,Cuba,cheeks,barber,Bart Simpson,Chrome,exercise,cigarette,arrow,base,cave,cold
bear,bagel,electric guitar,Egypt,ear,bartender,Beethoven,Discord,read,coaster,battle,building,cliff,comfortable
beaver,baguette,guitar,England,elbow,butler,Bill Gates,Facebook,run,coffin,base,cabin,cloud,complete
bed bug,banana,harmonica,France,eye,captain,Bruce Lee,Fanta,shout,corpse,breath,church,clover,cute
bee,barbecue,harp,Germany,eyebrow,cheerleader,Bugs Bunny,Google,sing,dispenser,bulge,cinema,coast,deep
beetle,bean,organ,Greece,eyelash,coach,Captain America,Ikea,smile,exam,camping,coffee shop,coral,dirty
bird,beanstalk,piano,Hawaii,finger,dentist,Cat Woman,KFC,stand,floodlight,collapse,dock,country,dizzy
blowfish,beef,record,India,fingernail,doctor,Chewbacca,McDonalds,think,garbage,community,doghouse,daisy,fast
boar,beer,saxophone,Ireland,forehead,driver,Chuck Norris,Miniclip,vomit,generator,conversation,factory,dandelion,full
bunny,beet,timpani,Israel,hair,farmer,Cookie Monster,Monster,walk,hammock,copy,farm,desert,gentle
butterfly,bell pepper,trombone,Italy,hand,firefighter,Crash Bandicoot,Nasa,betray,iron,crack,firehouse,drought,good
cat,biscuit,trumpet,Japan,head,hunter,Daffy Duck,Nike,boil,key ,dent,harbor,fern,hard
caterpillar,bite,tuba,London,mouth,judge,Darwin,Paypal,climb,label,disaster,hospital,field,hot
chicken,blueberry,ukulele,Madagascar,nail,landlord,Deadpool,Pepsi,flush,lens,display,hotel,flower,macho
cobra,bread,viola,Mexico,neck,mayor,Donald Duck,Samsung,sting,lid,dome,house,fog,messy
cockroach,breakfast,violin,Netherlands,nose hair,nurse,Donald Trump,Skype,type,nutshell,dream,hut,forest,old
cow,broccoli,cymbal,North Korea,nostrils,pharmacist,Dora,Twitter,breath,parachute,drip,jail,fossil,open
crab,bubble gum,maracas,Norway,palm,pilot,Dumbo,WhatsApp,bounce,pendulum,echo,kindergarten,grass,overweight
cricket,butter,panpipes,Portugal,pinky,pirate,Einstein,Youtube,bow,pipe,end,library,hill,poor
crocodile,cake,chime,Romania,shoulder,plumber,Elmo,BMW,clap,plank,facade,lighthouse,island,red
cuckoo,cappuccino,drum,Russia,skin,pope,Elon Musk,Mercedes,clean,razorblade,failure,mall,ivy,royal
deer,carrot,flute,Scotland,thumb,prince,Elsa,Nintendo Switch,copy,spring,fizz,museum,jungle,scary
dinosaur,cauliflower,jazz,Singapore,toe,professor,Eminem,Nutella,dance,tablet,frosting,nightclub,lake,shallow
dog,caviar,kazoo,Spain,toenail,rapper,Finn and Jake,Microsoft,download,tabletop,gang,observatory,leaf,short
dolphin,cheese,keyboard,Australia,wrist,speaker,Flash,MTV,fly,thermometer,gender,office,lightning,slow
donkey,cheeseburger,lyrics,Las Vegas,freckles,spelunker,Frankenstein,Photoshop,glow,treasure,hazard,palace,log,warm
dragon,cherry,xylophone,New Zealand,knuckle,waiter,Fred Flintstone,Reddit,hug,backpack,heading,pigsty,marigold,white
dragonfly,chestnut,ABBA,Paris,armpit,welder ,Gandalf,Steam,juggle,bag,heist,prison,moss,abstract
duck,chicken,AC/DC,Rome,blood,architect,Gandhi,Burger King,kiss,barrel,impact,pub,mountain,adorable
eagle,chocolate,beatbox,Vatican,booger,bricklayer,Garfield,Firefox,kneel,basket,inside,restaurant,nature,fabulous
eel,cocktail,cowbell,Africa,brain,electrician,Goofy,Pizza Hut,plow,bottle,invasion,school,ocean,fireproof
elephant,coffee,hip hop,America,chest,fashion designer,Green Lantern,Spotify,point,box,journey,silo,peninsula,hairy
emu,cola,orchestra,Canada,chin,fitness trainer,Gru,Taco Bell,pound,canister,knot,skyscraper,pond,hilarious
fish,cookie,symphony,Florida,earwax,gardener,Gumball,,record,chest,leak,stadium,poppy,homeless
flamingo,corn,vuvuzela,Europe,face,lawyer,Hello Kitty,,scream,crate,leave,supermarket,puddle,incognito
fox,corn dog,opera,Hollywood,heart,librarian,Hercules,,search,crucible,loaf,tent,quicksand,invisible
frog,crab,The Beatles,Antarctica,heel,programmer,Homer Simpson,,shake,luggage,magic,tower,rain,low
giraffe,cream,amp,Asia,knee,receptionist,Hulk,,sleep,purse,mascot,warehouse,rainbow,pink
goldfish,crust,Broadway,border,lap,referee,Iron Man,,slide,safe,military,windmill,raindrop,poisonous
goose,cucumber,castanets,equator,legs,taxi driver,Jackie Chan,,sneeze,suitcase,nightmare,zoo,rainforest,popular
gorilla,cupcake,contrabass,flagpole,lips,teacher,James Bond,,stamp,tank,nothing,car wash,river,positive
grasshopper,dessert,didgeridoo,globe,lung,veterinarian,Jesus Christ,,swing,toolbox,outside,casino,rock,pregnant
hamster,dinner,drum roll,landscape,muscle,writer,Jimmy Neutron,,tear,book,password,cathedral,rose,skinny
hedgehog,dough,gong,north,mustache,flight attendant,John Cena,,tie,bookmark,pause,fort,saltwater,stoned
hen,drink,gramophone,underground,nose,archer,Johnny Bravo,,touch,cardboard,point,mansion,sea,strong
hippo,eat,guiro,continent,organ,blacksmith,Kim Jong-un,,whisper,catalog,poison,pet shop,seashell,thin
horse,egg,koto,flag,rib,bodyguard,King Kong,,whistle,frame,poop,shop,shrub,tiny
hummingbird,fish,lute,geography,saliva,bus driver,Kirby,,wiggle,graffiti,punishment,studio,snowflake,tropical
jaguar,food,mallet,map,scar,butcher,Lady Gaga,,work,magazine,reception,treehouse,storm,weak
jellyfish,fork,marimba,compass,skeleton,carpenter,Leonardo da Vinci,,backflip,newspaper,record,aquarium,swamp,western
kitten,fries,music,east,skull,celebrity,Leonardo DiCaprio,,burp,page,recycling,bakery,thunder,yellow
kiwi,garlic,music box,south,spine,clown,Lion King,,chew,photograph,reflection,fortress,thunderstorm,young
koala,grapefruit,ocarina,west,stomach,coast guard,Mark Zuckerberg,,cut,portrait,relationship,laboratory,tornado,dead
ladybug,grapes,sitar,horizon,tongue,commander,Medusa,,die,sculpture,repeat,alley,tree,funny
leech,ham,tambourine,skyline,tooth,engineer,Michael Jackson,,dig,brush,retail,bench,twig,gummy
lion,hamburger,theremin,Eiffel tower,vein,fisherman,Mickey Mouse,,hibernate,chalk,shadow,bridge,valley,slippery
lizard,hazelnut,tuning fork,Great Wall,waist,florist,Minion,,high five,crayon,silence,drain,vine,underweight
llama,honey,,Big Ben,wrinkle,gravedigger,Morgan Freeman,,hop,eraser,sound,highway,volcano,ancient
lobster,hot dog,,London Eye,chest hair,janitor,Morty,,levitate,glitter,sweat,intersection,waterfall,extinct
mammoth,hunger,,Mont Blanc,dandruff,jester,Mozart,,massage,glue stick,tear,lane,wave,green
manatee,ice,,Mount Everest,fingertip,lumberjack,Mr Bean,,melt,paint,temperature,mailbox,weather,light
meerkat,ice cream,,Mount Rushmore,jaw,magician,Nemo,,poke,palette,tip,manhole,wind ,modern
monkey,jalapeno,,Northern Lights,kidney,milkman,Olaf,,pray,paper,turd,neighborhood,apple seed,nuclear
moose,ketchup,,shipwreck,pimple,miner,Pac-Man,,provoke,pencil,vision,park,bamboo,possessed
mosquito,kiwi,,Statue of Liberty,six pack,photographer,Patrick,,rest,pin,volume,pavement,coral reef,purple
moth,knife,,Suez Canal,throat,policeman,Peppa Pig,,roll,rubber,workplace,playground,iceberg,steampunk
mouse,lemon,,Sydney Opera House,unibrow,priest,Phineas and Ferb,,sew,ruler,world,rail,icicle,tangled
octopus,lemonade,,Tower Bridge,wart,sniper,Picasso,,sit,scissors,ash,roadblock,mud,upside down
otter,lettuce,,Tower of Pisa,acne,tailor,Pikachu,,slam,stamp,campfire,street,palm tree,
owl,licorice,,Colosseum,ankle,truck driver,Pink Panther,,smell,stapler,candle ,traffic,petal,
oyster,lime,,Algeria,artery,astronaut,Pinocchio,,spin,tape,coal,tunnel,root,
panda,lobster,,Barcelona,body,bouncer,Pluto,,spit,axe,embers,village,sand,
parrot,lollipop,,Berlin Wall,eyelid,employer,Popeye,,stab,bait,explosion,bus stop,sandstorm,
pelican,macaroni,,Britain,fist,king,Porky Pig,,study,binoculars,gasoline,Chinatown,seaweed,
penguin,marshmallow,,Chile,foot,maid,Poseidon,,take off,broom,heat,graveyard,seed,
pig,mayonnaise,,Colombia,liver,mailman,Pumba,,tickle,broomstick,smoke,path,sky,
pike,meal,,Dead Sea,ring finger,mime,Rick,,translate,chain,spark,ramp,soil,
platypus,meat,,Denmark,torso,model,Robin Hood,,tug,chainsaw,allergy,stop sign,sunflower,
poodle,meatloaf,,Easter Island,,president,Scooby Doo,,vanish,corkscrew,bandage,barbed wire,water,
prawn,melon,,English Channel,,princess,Sherlock Holmes,,vote,crowbar,bruise,fire hydrant,bark,
puma,milk,,Finland,,queen,Shrek,,wake up,filter,cast,fountain,blizzard,
quokka,mold,,Grand Canyon,,spy,Skrillex,,yawn,flashlight,handicap,parking ,cherry blossom,
raccoon,muffin,,Great Barrier Reef,,cab driver,Sonic,,zoom,hammer,health,statue,dew,
reindeer,mushroom,,Greenland,,chef,Spartacus,,detonate ,hook,shock,traffic light,droplet,
robin,nugget,,Hungary,,detective,Spiderman,,drive,horsewhip,slump,well,earthquake,
salmon,nut,,Indonesia,,filmmaker,Squidward,,fall,hose,sunburn,bus terminal,geyser,
seagull,nutmeg,,Iran,,mechanic,Steve Jobs,,frown,ladder,tampon,control tower,lily,
seahorse,octopus,,Loch Ness,,rockstar,Superman,,gasp,magnifier,tissue,dump,lilypad,
seal,omelet,,Louvre,,scientist,Tarzan,,preach,mop,virus,Ferris wheel,orchid,
shark,onion,,Machu-Picchu,,security,Terminator,,watch,nail,wound,gas station,pine,
sheep,orange,,Morocco,,soldier,Thor,,groom,needle,fortune,greenhouse,pine cone,
skunk,pan,,Mount Fuji,,surgeon,Tweety,,brush,nutcracker,God,gym,reeds,
sloth,papaya,,Nepal,,wrestler,Usain Bolt,,bully,pickaxe,hell,haunted house,snow,
snake,pasta,,North Pole,,ballerina,Vin Diesel,,burn,pitchfork,luck,log flume,spore,
spider,pastry,,Notre-Dame,,comedian,Wall-e,,capture,plunger,greed,moat,willow,
squirrel,peach,,Pakistan,,ninja,Shakespeare,,click,rake,grumpy,phone booth,avalanche,
starfish,peanut,,Peru,,adult,Winnie the Pooh,,cook,shovel,hunger,plant,bonsai,
stingray,pepper,,Philippines,,baby,Wolverine,,crawl,sledgehammer,love,power plant,bush,
swordfish,pickle,,Poland,,boy,Wonder Woman,,dab,spool,pain,pylon,dunes,
tiger,pie,,Pompeii,,bride,Yoda,,dive,sprinkler,sad,retirement home,flood,
toad,pineapple,,Serbia,,brunette,Yoshi,,drift,torch,smile,speed bump,grain,
tortoise,pizza,,Slovakia,,burglar,Zeus,,drown,umbrella,thirst,stable,hedge,
toucan,plate,,Somalia,,champion,Zorro,,fry,vacuum,happy,street light,lavender,
tuna,popcorn,,South Korea,,child,Easter Bunny,,handstand,wheelbarrow,balloon,tipi,maple,
turkey,potato,,Stonehenge,,cousin,Grinch,,hatch,whistle,birthday,train station,meadow,
turtle,prawn,,Sweden,,cowboy,Harry Potter,,headbutt,wrench,circus,utility pole,oak,
T-rex,pretzel,,Taj Mahal,,customer,Kermit,,howl,yardstick,concert,watch tower,oasis,
Velociraptor,prune,,Thailand,,daughter,Santa,,ignite,arrow,Easter,water tower,orchard,
whale,pudding,,Tibet,,elder,Tails,,kick,bayonet,election,wishing well,pebble,
wolf,pumpkin,,Turkey,,family,Tooth Fairy,,laugh,bomb,festival,zebra crossing,plant,
worm,radish,,Uganda,,father,Batman,,march,bow,firecracker,,pollen,
zebra,raisin,,Ukraine,,girl,Luigi,,protect,bullet,firework,,rock pool,
anteater,salad,,Uluru,,groom,Mario,,punch,cannon,funeral,,Savannah,
antelope,salmon,,United Kingdom,,hermit,SpongeBob,,push,dagger,glowstick,,sprout,
baboon,salt,,Vietnam,,hippie,Bomberman,,scratch,dynamite,lottery,,stick,
camel,sandwich,,Wales,,husband,Creeper,,scroll,flamethrower,market,,stump,
chameleon,sausage,,White House,,joker,Teletubby,,shoot,grenade,party,,thorn,
cheetah,soda,,Zimbabwe,,knight,Aquaman,,shrug,harpoon,picnic,,trunk,
chihuahua,soup,,,,leader,Athena,,sleepwalk,musket,ticket,,tsunami,
chimpanzee,spinach,,,,loser,Bigfoot,,spill,pike,trophy,,tumbleweed,
chinchilla,spoon,,,,mother,Bob Ross,,vape,pistol,vacation,,tundra,
coyote,strawberry,,,,murderer,Buddha,,wash,shell,wedding,,Venus flytrap,
dalmatian,sugar,,,,nerd,Cinderella,,wave,shotgun,wreath,,wasteland,
firefly,sushi,,,,patient,Darth Vader,,wink,spear,bedtime,,wheat,
goat,tangerine,,,,peasant,Donkey Kong,,wish,sword,calendar,,whirlpool,
guinea pig,tea,,,,pensioner,Dracula,,,taser,clock,,,
hyena,teapot,,,,person,Ed Sheeran,,,trigger,evening,,,
kangaroo,tiramisu,,,,player,Godzilla,,,bathtub,fall,,,
kraken,toast,,,,pro,Goldilocks,,,diaper,midnight,,,
lamb,tomato,,,,punk,Grim Reaper,,,faucet,minute,,,
lemur,tuna,,,,skateboarder,Hades,,,hairbrush,Monday,,,
marmot,turkey,,,,student,Hermes,,,hairspray,morning,,,
mole,turnip,,,,thief,Isaac Newton,,,lotion,season,,,
narwhal,vanilla,,,,uncle,Jedi,,,plug,spring,,,
orangutan,vegetable,,,,vegetarian,Knuckles,,,razor,Stone Age,,,
orca,vinegar,,,,wife,Loki,,,shampoo,summer,,,
ostrich,vitamin,,,,winner,Moby Dick,,,shower,sunrise,,,
panther,vodka,,,,caveman,Napoleon,,,sink,brick,,,
peacock,waffle,,,,diva,Puss in Boots,,,soap,bronze,,,
pigeon,walnut,,,,gangster,Rapunzel,,,toilet,cement,,,
polar bear,wine,,,,gentleman,Romeo and Juliet,,,toothbrush,copper,,,
pony,yogurt,,,,gladiator,Snow White,,,toothpaste,cotton,,,
porcupine,yolk,,,,godfather,Stephen Hawking,,,towel,crystal,,,
rat,apple pie,,,,grandmother,Stitch,,,blender,diamond,,,
rhinoceros,brownie,,,,hacker,The Avengers,,,bowl,fabric,,,
rooster,burrito,,,,lady,Totoro,,,cloth,glass,,,
sea lion,champagne,,,,noob,Van Gogh,,,cup ,gold,,,
squid,cheesecake,,,,nun,,,,dishrag,gravel,,,
Stegosaurus,coconut,,,,parents,,,,foil,ice,,,
swan,condiment,,,,patriot,,,,fork,iron,,,
tarantula,cookie jar,,,,robber,,,,freezer,leather,,,
walrus,croissant,,,,sensei,,,,fridge,nickel,,,
wasp,Doritos,,,,son,,,,glass,rubber,,,
weasel,gummy bear,,,,survivor,,,,grill,ruby,,,
woodpecker,gummy worm,,,,thug,,,,kettle,silver,,,
anglerfish,hot chocolate,,,,tourist,,,,knife,slime,,,
bull,hot sauce,,,,triplets,,,,mug,wax,,,
canary,jelly,,,,victim,,,,napkin,wire,,,
catfish,kebab,,,,villain,,,,pan,wool,,,
centipede,margarine,,,,vlogger,,,,scoop,airbag,,,
cicada,marmalade,,,,witness,,,,silverware,airplane,,,
clownfish,meatball,,,,youtuber,,,,sponge,ambulance,,,
crow,milkshake,,,,aristocrat,,,,spoon,bicycle,,,
lynx,mint,,,,barbarian,,,,stove,blimp,,,
mantis,mustard,,,,hitchhiker,,,,toaster,boat,,,
parakeet,nachos,,,,monk,,,,whisk,bobsled,,,
puffin,Oreo,,,,neighbor,,,,bleach,bumper,,,
tadpole,pancake,,,,traveler,,,,clothes hanger,bus,,,
fly,pear,,,,ruler,,,,diploma,cruise,,,
shrew,peas,,,,alchemist,,,,fake teeth,dashboard,,,
snail,pepperoni,,,,biker,,,,fire alarm,elevator,,,
stork,pistachio,,,,boss,,,,hanger,engine,,,
vulture,Popsicle,,,,bully,,,,lava lamp,helicopter,,,
flea,rice,,,,cameraman,,,,scarecrow,lawn mower,,,
ram,Skittles,,,,composer,,,,tomb,minivan,,,
albatross,spaghetti,,,,conductor,,,,tombstone,motorcycle,,,
badger,taco,,,,executioner,,,,cage,oar,,,
bison,baklava,,,,explorer,,,,keg,pedal,,,
Brachiosaurus,blackberry,,,,friend,,,,paper bag,plow,,,
buffalo,curry,,,,genius,,,,shoebox,raft,,,
Corgi,eggplant,,,,grandfather,,,,shopping cart,saddle,,,
crane,espresso,,,,hairdresser,,,,six pack,sailboat,,,
echidna,fruit,,,,hipster,,,,tissue box,skateboard,,,
elk,juice,,,,outlaw,,,,trash can,ski,,,
ferret,Lasagna,,,,pharaoh,,,,Bible,sledge,,,
leopard,raspberry,,,,philosopher,,,,comic book,snowboard,,,
ocelot,ravioli,,,,pitcher,,,,dots,spoiler,,,
plankton,starfruit,,,,plague doctor,,,,origami,subway,,,
Pterodactyl,sauce,,,,principal,,,,photo frame,sunshade,,,
Pug,gumball,,,,prisoner,,,,poster,surfboard,,,
puppy,Happy Meal,,,,reporter,,,,signature,tank,,,
rattlesnake,junk food,,,,samurai,,,,yearbook,taxi,,,
red panda,noodle,,,,shepherd,,,,cork,tire,,,
scorpion,seafood,,,,sheriff,,,,lighter,trailer,,,
sheep dog,cotton candy,,,,shogun,,,,nail file,train,,,
Triceratops,fast food,,,,snake charmer,,,,step,truck,,,
,jello,,,,swimmer,,,,wingnut,wheel,,,
,Pringles,,,,toddler,,,,bazooka,windshield,,,
,basil,,,,twins,,,,boomerang,yacht,,,
,cabbage,,,,warrior,,,,catapult,addition,,,
,calamari,,,,,,,,crossbow,balance,,,
,candy,,,,,,,,missile,circle,,,
,candy cane,,,,,,,,revolver,cone,,,
,caramel,,,,,,,,torpedo,corner,,,
,casserole,,,,,,,,deodorant,cylinder,,,
,celery,,,,,,,,can opener,diagonal,,,
,cereal,,,,,,,,chopsticks,distance,,,
,chewing gum,,,,,,,,microwave,double,,,
,cookie dough,,,,,,,,oil,half,,,
,cracker,,,,,,,,pot,heart,,,
,Danish,,,,,,,,teaspoon,infinite,,,
,dill,,,,,,,,toothpick,line,,,
,donut,,,,,,,,wine glass,oval,,,
,dumpling,,,,,,,,autograph,rectangle,,,
,eclair,,,,,,,,fly swatter,slope,,,
,falafel,,,,,,,,grave,square,,,
,fettuccine,,,,,,,,loot,surface,,,
,gingerbread,,,,,,,,mothball,triangle,,,
,lunch,,,,,,,,bucket,advertisement,,,
,merengues,,,,,,,,can,bill,,,
,olive,,,,,,,,vault,brand,,,
,parsley,,,,,,,,dictionary,cash,,,
,peanut butter,,,,,,,,notebook,coin,,,
,penne,,,,,,,,novel,commercial,,,
,pomegranate,,,,,,,,scribble,credit,,,
,punch,,,,,,,,spray paint,delivery,,,
,salami,,,,,,,,text,demonstration,,,
,snack,,,,,,,,anvil,diagram,,,
,sweet potato,,,,,,,,bear trap,dollar,,,
,watermelon,,,,,,,,duct tape,folder,,,
,zucchini,,,,,,,,jackhammer,logo,,,
,,,,,,,,,lantern,message,,,
,,,,,,,,,lasso,money,,,
,,,,,,,,,screw,notepad,,,
,,,,,,,,,spade,penny,,,
,,,,,,,,,vise,postcard,,,
,,,,,,,,,guillotine,pound,,,
,,,,,,,,,katana,printer,,,
,,,,,,,,,nuke,sale,,,
,,,,,,,,,scythe,wealth,,,
,,,,,,,,,weapon,acid,,,
,,,,,,,,,comb,biology,,,
,,,,,,,,,shaving cream,cell,,,
,,,,,,,,,cauldron,chemical,,,
,,,,,,,,,spatula,electricity,,,
,,,,,,,,,straw,fluid,,,
,,,,,,,,,tablecloth,germ,,,
,,,,,,,,,glue,gravity,,,
,,,,,,,,,pencil case,laser,,,
,,,,,,,,,pencil sharpener,magnet,,,
,,,,,,,,,quill,meteorite,,,
,,,,,,,,,air horn,microscope,,,
,,,,,,,,,banner,moon,,,
,,,,,,,,,baseball,orbit,,,
,,,,,,,,,blowtorch,oxygen,,,
,,,,,,,,,board game,planet,,,
,,,,,,,,,buffer,robot,,,
,,,,,,,,,business card,rocket,,,
,,,,,,,,,calculator,satellite,,,
,,,,,,,,,capsule,space,,,
,,,,,,,,,chapstick,spaceship,,,
,,,,,,,,,cigar,star,,,
,,,,,,,,,clipboard,sun,,,
,,,,,,,,,detergent,telescope,,,
,,,,,,,,,drill,battery,,,
,,,,,,,,,drivers license,button,,,
,,,,,,,,,dumbbell,camera,,,
,,,,,,,,,fire extinguisher,cell phone,,,
,,,,,,,,,fishing net,computer,,,
,,,,,,,,,fishing rod,console,,,
,,,,,,,,,football,controller,,,
,,,,,,,,,Frisbee,cord,,,
,,,,,,,,,gun,earbuds,,,
,,,,,,,,,hair dryer,internet,,,
,,,,,,,,,handkerchief,keyboard,,,
,,,,,,,,,highlighter,microphone,,,
,,,,,,,,,horseshoe,movie,,,
,,,,,,,,,ink,network,,,
,,,,,,,,,juicer,radar,,,
,,,,,,,,,ladle,radio,,,
,,,,,,,,,leaf blower,remote,,,
,,,,,,,,,life buoy,socket,,,
,,,,,,,,,mace,speaker,,,
,,,,,,,,,machete,stereo,,,
,,,,,,,,,medal,tablet,,,
,,,,,,,,,menu,telephone,,,
,,,,,,,,,mouse pad,television,,,
,,,,,,,,,necklace,ball,,,
,,,,,,,,,nunchucks,basketball,,,
,,,,,,,,,oven mitt,bat,,,
,,,,,,,,,pacifier,bingo,,,
,,,,,,,,,paint roller,bowling,,,
,,,,,,,,,paperclip,chess,,,
,,,,,,,,,pen,darts,,,
,,,,,,,,,playing card,dominoes,,,
,,,,,,,,,protractor,goal,,,
,,,,,,,,,rapier,golf,,,
,,,,,,,,,Rollerblade,hockey,,,
,,,,,,,,,rope,hopscotch,,,
,,,,,,,,,rubber band,hurdle,,,
,,,,,,,,,Rubiks Cube,kite,,,
,,,,,,,,,safety clip,marble,,,
,,,,,,,,,scales,maze,,,
,,,,,,,,,scalpel,nutcracker,,,
,,,,,,,,,scimitar,paddle,,,
,,,,,,,,,screwdriver,pinball,,,
,,,,,,,,,scroll,pinwheel,,,
,,,,,,,,,shield,puppet,,,
,,,,,,,,,shot glass,puzzle,,,
,,,,,,,,,smartphone,race,,,
,,,,,,,,,snow globe,sand castle,,,
,,,,,,,,,staff,sandbox,,,
,,,,,,,,,sticker,scuba,,,
,,,,,,,,,stopwatch,seesaw,,,
,,,,,,,,,tape measure,slide,,,
,,,,,,,,,toilet paper,slingshot,,,
,,,,,,,,,trunk,snowball,,,
,,,,,,,,,turret,snowman,,,
,,,,,,,,,typewriter,soccer,,,
,,,,,,,,,wallet,sports,,,
,,,,,,,,,water cooler,Sudoku,,,
,,,,,,,,,watering can,swimming pool,,,
,,,,,,,,,yarn,swing,,,
,,,,,,,,,,table tennis,,,
,,,,,,,,,,target,,,
,,,,,,,,,,tennis,,,
,,,,,,,,,,treadmill,,,
,,,,,,,,,,volleyball,,,
,,,,,,,,,,alien,,,
,,,,,,,,,,Atlantis,,,
,,,,,,,,,,dwarf,,,
,,,,,,,,,,fairy,,,
,,,,,,,,,,ghost,,,
,,,,,,,,,,giant,,,
,,,,,,,,,,goblin,,,
,,,,,,,,,,hero,,,
,,,,,,,,,,hobbit,,,
,,,,,,,,,,lightsaber,,,
,,,,,,,,,,mermaid,,,
,,,,,,,,,,monster,,,
,,,,,,,,,,portal,,,
,,,,,,,,,,time machine,,,
,,,,,,,,,,vampire,,,
,,,,,,,,,,wizard,,,
,,,,,,,,,,wonderland,,,
,,,,,,,,,,unicorn,,,
,,,,,,,,,,yeti,,,
,,,,,,,,,,zombie,,,
,,,,,,,,,,antenna,,,
,,,,,,,,,,anthill,,,
,,,,,,,,,,claw,,,
,,,,,,,,,,collar,,,
,,,,,,,,,,fur,,,
,,,,,,,,,,hive,,,
,,,,,,,,,,honeycomb,,,
,,,,,,,,,,hoof,,,
,,,,,,,,,,horn,,,
,,,,,,,,,,leash,,,
,,,,,,,,,,nest,,,
,,,,,,,,,,safari,,,
,,,,,,,,,,shell,,,
,,,,,,,,,,swarm,,,
,,,,,,,,,,tail,,,
,,,,,,,,,,web,,,
,,,,,,,,,,armor ,,,
,,,,,,,,,,belt,,,
,,,,,,,,,,blindfold,,,
,,,,,,,,,,boots,,,
,,,,,,,,,,bow,,,
,,,,,,,,,,bracelet,,,
,,,,,,,,,,cape,,,
,,,,,,,,,,cloak,,,
,,,,,,,,,,coat,,,
,,,,,,,,,,dress,,,
,,,,,,,,,,glasses,,,
,,,,,,,,,,gloss,,,
,,,,,,,,,,glove,,,
,,,,,,,,,,goatee,,,
,,,,,,,,,,haircut,,,
,,,,,,,,,,hat,,,
,,,,,,,,,,helmet,,,
,,,,,,,,,,jacket,,,
,,,,,,,,,,jeans,,,
,,,,,,,,,,mohawk,,,
,,,,,,,,,,pants,,,
,,,,,,,,,,perfume,,,
,,,,,,,,,,pocket,,,
,,,,,,,,,,ribbon,,,
,,,,,,,,,,ring,,,
,,,,,,,,,,scarf,,,
,,,,,,,,,,shirt,,,
,,,,,,,,,,shoe,,,
,,,,,,,,,,shoelace,,,
,,,,,,,,,,socks,,,
,,,,,,,,,,sombrero,,,
,,,,,,,,,,sunglasses,,,
,,,,,,,,,,tattoo,,,
,,,,,,,,,,tie,,,
,,,,,,,,,,uniform,,,
,,,,,,,,,,wig,,,
,,,,,,,,,,zipper,,,
,,,,,,,,,,attic,,,
,,,,,,,,,,basement,,,
,,,,,,,,,,bathroom,,,
,,,,,,,,,,bed,,,
,,,,,,,,,,bed sheet,,,
,,,,,,,,,,blanket,,,
,,,,,,,,,,bunk bed,,,
,,,,,,,,,,carpet,,,
,,,,,,,,,,ceiling,,,
,,,,,,,,,,ceiling fan,,,
,,,,,,,,,,chair,,,
,,,,,,,,,,chimney,,,
,,,,,,,,,,crawl space,,,
,,,,,,,,,,curtain,,,
,,,,,,,,,,desk,,,
,,,,,,,,,,door,,,
,,,,,,,,,,doorknob,,,
,,,,,,,,,,drawer,,,
,,,,,,,,,,fence,,,
,,,,,,,,,,fireside,,,
,,,,,,,,,,furniture,,,
,,,,,,,,,,garage,,,
,,,,,,,,,,garden,,,
,,,,,,,,,,gate,,,
,,,,,,,,,,handle,,,
,,,,,,,,,,kitchen,,,
,,,,,,,,,,lamp,,,
,,,,,,,,,,laundry,,,
,,,,,,,,,,lock,,,
,,,,,,,,,,mattress,,,
,,,,,,,,,,mirror,,,
,,,,,,,,,,patio,,,
,,,,,,,,,,pillow,,,
,,,,,,,,,,porch,,,
,,,,,,,,,,quilt,,,
,,,,,,,,,,roof,,,
,,,,,,,,,,room,,,
,,,,,,,,,,sauna,,,
,,,,,,,,,,table,,,
,,,,,,,,,,throne,,,
,,,,,,,,,,trapdoor,,,
,,,,,,,,,,vent,,,
,,,,,,,,,,wall,,,
,,,,,,,,,,wallpaper,,,
,,,,,,,,,,window,,,
,,,,,,,,,,action,,,
,,,,,,,,,,addiction,,,
,,,,,,,,,,brainwash,,,
,,,,,,,,,,classroom,,,
,,,,,,,,,,comedy,,,
,,,,,,,,,,cornfield,,,
,,,,,,,,,,defense,,,
,,,,,,,,,,divorce,,,
,,,,,,,,,,drama,,,
,,,,,,,,,,hypnotize,,,
,,,,,,,,,,meme,,,
,,,,,,,,,,Morse code,,,
,,,,,,,,,,navy,,,
,,,,,,,,,,nosebleed,,,
,,,,,,,,,,pollution,,,
,,,,,,,,,,powder,,,
,,,,,,,,,,queue,,,
,,,,,,,,,,risk,,,
,,,,,,,,,,shopping,,,
,,,,,,,,,,smell,,,
,,,,,,,,,,swag,,,
,,,,,,,,,,trap,,,
,,,,,,,,,,trend,,,
,,,,,,,,,,victory,,,
,,,,,,,,,,violence,,,
,,,,,,,,,,forest fire,,,
,,,,,,,,,,lava,,,
,,,,,,,,,,magma,,,
,,,,,,,,,,back pain,,,
,,,,,,,,,,Band-Aid,,,
,,,,,,,,,,deaf,,,
,,,,,,,,,,disease,,,
,,,,,,,,,,flu,,,
,,,,,,,,,,headache,,,
,,,,,,,,,,injection,,,
,,,,,,,,,,pill,,,
,,,,,,,,,,vaccine,,,
,,,,,,,,,,x-ray,,,
,,,,,,,,,,afterlife,,,
,,,,,,,,,,communism,,,
,,,,,,,,,,halo,,,
,,,,,,,,,,broken heart,,,
,,,,,,,,,,derp,,,
,,,,,,,,,,stress,,,
,,,,,,,,,,confused,,,
,,,,,,,,,,insomnia,,,
,,,,,,,,,,shy,,,
,,,,,,,,,,cringe,,,
,,,,,,,,,,hurt,,,
,,,,,,,,,,grin,,,
,,,,,,,,,,seasick,,,
,,,,,,,,,,depressed,,,
,,,,,,,,,,desperate,,,
,,,,,,,,,,tired,,,
,,,,,,,,,,angry,,,
,,,,,,,,,,audience,,,
,,,,,,,,,,carnival,,,
,,,,,,,,,,celebrate,,,
,,,,,,,,,,duel,,,
,,,,,,,,,,fist fight,,,
,,,,,,,,,,full moon,,,
,,,,,,,,,,graduation,,,
,,,,,,,,,,holiday,,,
,,,,,,,,,,karaoke,,,
,,,,,,,,,,NASCAR,,,
,,,,,,,,,,parade,,,
,,,,,,,,,,pillow fight,,,
,,,,,,,,,,protest,,,
,,,,,,,,,,stage,,,
,,,,,,,,,,talent show,,,
,,,,,,,,,,Titanic,,,
,,,,,,,,,,wrapping,,,
,,,,,,,,,,winter,,,
,,,,,,,,,,gem,,,
,,,,,,,,,,aircraft,,,
,,,,,,,,,,anchor,,,
,,,,,,,,,,battleship,,,
,,,,,,,,,,bulldozer,,,
,,,,,,,,,,electric car,,,
,,,,,,,,,,fire truck,,,
,,,,,,,,,,golf cart,,,
,,,,,,,,,,ice cream truck,,,
,,,,,,,,,,jeep,,,
,,,,,,,,,,jet ski,,,
,,,,,,,,,,limousine,,,
,,,,,,,,,,periscope,,,
,,,,,,,,,,pirate ship,,,
,,,,,,,,,,racecar,,,
,,,,,,,,,,seat belt,,,
,,,,,,,,,,submarine,,,
,,,,,,,,,,tow truck,,,
,,,,,,,,,,tractor,,,
,,,,,,,,,,tricycle,,,
,,,,,,,,,,unicycle,,,
,,,,,,,,,,zeppelin,,,
,,,,,,,,,,grid,,,
,,,,,,,,,,hexagon,,,
,,,,,,,,,,octagon,,,
,,,,,,,,,,pyramid,,,
,,,,,,,,,,spiral,,,
,,,,,,,,,,vertical,,,
,,,,,,,,,,zigzag,,,
,,,,,,,,,,barcode,,,
,,,,,,,,,,clickbait,,,
,,,,,,,,,,credit card,,,
,,,,,,,,,,handshake,,,
,,,,,,,,,,interview,,,
,,,,,,,,,,price tag,,,
,,,,,,,,,,promotion,,,
,,,,,,,,,,black hole,,,
,,,,,,,,,,Capricorn,,,
,,,,,,,,,,DNA,,,
,,,,,,,,,,evaporate,,,
,,,,,,,,,,evolution,,,
,,,,,,,,,,galaxy,,,
,,,,,,,,,,Mars,,,
,,,,,,,,,,Mercury,,,
,,,,,,,,,,Neptune,,,
,,,,,,,,,,radiation,,,
,,,,,,,,,,Saturn,,,
,,,,,,,,,,science,,,
,,,,,,,,,,universe,,,
,,,,,,,,,,Uranus,,,
,,,,,,,,,,vortex,,,
,,,,,,,,,,animation,,,
,,,,,,,,,,antivirus,,,
,,,,,,,,,,broadcast,,,
,,,,,,,,,,emoji,,,
,,,,,,,,,,Family Guy,,,
,,,,,,,,,,hashtag,,,
,,,,,,,,,,Home Alone,,,
,,,,,,,,,,invention,,,
,,,,,,,,,,iPad,,,
,,,,,,,,,,Iron Giant,,,
,,,,,,,,,,lightbulb,,,
,,,,,,,,,,link,,,
,,,,,,,,,,loading,,,
,,,,,,,,,,megaphone,,,
,,,,,,,,,,Minecraft,,,
,,,,,,,,,,Playstation,,,
,,,,,,,,,,ringtone,,,
,,,,,,,,,,screen,,,
,,,,,,,,,,server,,,
,,,,,,,,,,switch,,,
,,,,,,,,,,Tetris,,,
,,,,,,,,,,tripod,,,
,,,,,,,,,,USB,,,
,,,,,,,,,,video game,,,
,,,,,,,,,,website,,,
,,,,,,,,,,wireless,,,
,,,,,,,,,,Xbox,,,
,,,,,,,,,,Zelda,,,
,,,,,,,,,,BMX,,,
,,,,,,,,,,bottle flip,,,
,,,,,,,,,,bungee jumping,,,
,,,,,,,,,,dice,,,
,,,,,,,,,,fidget spinner,,,
,,,,,,,,,,jump rope,,,
,,,,,,,,,,karate,,,
,,,,,,,,,,kendama,,,
,,,,,,,,,,Kung Fu,,,
,,,,,,,,,,Lego,,,
,,,,,,,,,,limbo,,,
,,,,,,,,,,magic wand,,,
,,,,,,,,,,minigolf,,,
,,,,,,,,,,paintball,,,
,,,,,,,,,,pogo stick,,,
,,,,,,,,,,polo,,,
,,,,,,,,,,ski jump,,,
,,,,,,,,,,skydiving,,,
,,,,,,,,,,snowball fight,,,
,,,,,,,,,,teddy bear,,,
,,,,,,,,,,tennis racket,,,
,,,,,,,,,,water gun,,,
,,,,,,,,,,wrestling,,,
,,,,,,,,,,yo-yo,,,
,,,,,,,,,,zipline,,,
,,,,,,,,,,Zuma,,,
,,,,,,,,,,centaur,,,
,,,,,,,,,,fireball,,,
,,,,,,,,,,flying pig,,,
,,,,,,,,,,golden egg,,,
,,,,,,,,,,pot of gold,,,
,,,,,,,,,,potion,,,
,,,,,,,,,,Star Wars,,,
,,,,,,,,,,UFO,,,
,,,,,,,,,,voodoo,,,
,,,,,,,,,,werewolf,,,
,,,,,,,,,,cowbell,,,
,,,,,,,,,,litter box,,,
,,,,,,,,,,mousetrap,,,
,,,,,,,,,,paw,,,
,,,,,,,,,,pet food,,,
,,,,,,,,,,reptile,,,
,,,,,,,,,,tentacle,,,
,,,,,,,,,,afro,,,
,,,,,,,,,,bandana,,,
,,,,,,,,,,blush,,,
,,,,,,,,,,braces,,,
,,,,,,,,,,cap,,,
,,,,,,,,,,chestplate,,,
,,,,,,,,,,gas mask,,,
,,,,,,,,,,gold chain,,,
,,,,,,,,,,headband,,,
,,,,,,,,,,high heels,,,
,,,,,,,,,,lipstick,,,
,,,,,,,,,,makeup,,,
,,,,,,,,,,mannequin,,,
,,,,,,,,,,mask,,,
,,,,,,,,,,nose ring,,,
,,,,,,,,,,pajamas,,,
,,,,,,,,,,ponytail,,,
,,,,,,,,,,raincoat,,,
,,,,,,,,,,sleeve,,,
,,,,,,,,,,sweater,,,
,,,,,,,,,,swimsuit,,,
,,,,,,,,,,tuxedo,,,
,,,,,,,,,,balcony,,,
,,,,,,,,,,fireplace,,,
,,,,,,,,,,red carpet,,,
,,,,,,,,,,rug,,,
,,,,,,,,,,shelf,,,
,,,,,,,,,,study,,,
,,,,,,,,,,drool,,,
,,,,,,,,,,fast forward,,,
,,,,,,,,,,hieroglyph,,,
,,,,,,,,,,high score,,,
,,,,,,,,,,imagination,,,
,,,,,,,,,,industry,,,
,,,,,,,,,,language,,,
,,,,,,,,,,mafia,,,
,,,,,,,,,,magic trick,,,
,,,,,,,,,,pillar,,,
,,,,,,,,,,procrastination,,,
,,,,,,,,,,purity,,,
,,,,,,,,,,reality,,,
,,,,,,,,,,rewind,,,
,,,,,,,,,,rune,,,
,,,,,,,,,,scent,,,
,,,,,,,,,,score,,,
,,,,,,,,,,second,,,
,,,,,,,,,,sparkles,,,
,,,,,,,,,,undo,,,
,,,,,,,,,,upgrade,,,
,,,,,,,,,,match,,,
,,,,,,,,,,matchbox,,,
,,,,,,,,,,diet,,,
,,,,,,,,,,frostbite,,,
,,,,,,,,,,plague,,,
,,,,,,,,,,tumor,,,
,,,,,,,,,,angel,,,
,,,,,,,,,,Anubis,,,
,,,,,,,,,,demon,,,
,,,,,,,,,,idea,,,
,,,,,,,,,,peace,,,
,,,,,,,,,,religion,,,
,,,,,,,,,,totem,,,
,,,,,,,,,,Yin and Yang,,,
,,,,,,,,,,sick,,,
,,,,,,,,,,Black Friday,,,
,,,,,,,,,,Christmas,,,
,,,,,,,,,,eclipse,,,
,,,,,,,,,,face paint,,,
,,,,,,,,,,gift,,,
,,,,,,,,,,Jack-o-lantern,,,
,,,,,,,,,,present,,,
,,,,,,,,,,day,,,
,,,,,,,,,,hourglass,,,
,,,,,,,,,,night,,,
,,,,,,,,,,watch,,,
,,,,,,,,,,clay,,,
,,,,,,,,,,emerald,,,
,,,,,,,,,,metal,,,
,,,,,,,,,,stone,,,
,,,,,,,,,,excavator,,,
,,,,,,,,,,Ferrari,,,
,,,,,,,,,,hovercraft,,,
,,,,,,,,,,Segway,,,
,,,,,,,,,,skates,,,
,,,,,,,,,,streamer,,,
,,,,,,,,,,arch,,,
,,,,,,,,,,asymmetry,,,
,,,,,,,,,,cube,,,
,,,,,,,,,,prism,,,
,,,,,,,,,,semicircle,,,
,,,,,,,,,,shape,,,
,,,,,,,,,,graph,,,
,,,,,,,,,,quarter,,,
,,,,,,,,,,asteroid,,,
,,,,,,,,,,atom,,,
,,,,,,,,,,comet,,,
,,,,,,,,,,cyborg,,,
,,,,,,,,,,Earth,,,
,,,,,,,,,,flask,,,
,,,,,,,,,,gas,,,
,,,,,,,,,,Milky Way,,,
,,,,,,,,,,Solar System,,,
,,,,,,,,,,space suit,,,
,,,,,,,,,,steam,,,
,,,,,,,,,,Venus,,,
,,,,,,,,,,water cycle,,,
,,,,,,,,,,air conditioner,,,
,,,,,,,,,,anime,,,
,,,,,,,,,,cartoon,,,
,,,,,,,,,,charger,,,
,,,,,,,,,,error,,,
,,,,,,,,,,floppy disk,,,
,,,,,,,,,,headphones,,,
,,,,,,,,,,laptop,,,
,,,,,,,,,,machine,,,
,,,,,,,,,,motherboard,,,
,,,,,,,,,,notification,,,
,,,,,,,,,,Pokemon,,,
,,,,,,,,,,sewing machine,,,
,,,,,,,,,,skribbl.io,,,
,,,,,,,,,,social media,,,
,,,,,,,,,,stylus,,,
,,,,,,,,,,video,,,
,,,,,,,,,,virtual reality,,,
,,,,,,,,,,LAN,,,
,,,,,,,,,,ballet,,,
,,,,,,,,,,billiards,,,
,,,,,,,,,,doll,,,
,,,,,,,,,,dollhouse,,,
,,,,,,,,,,fencing,,,
,,,,,,,,,,figurine,,,
,,,,,,,,,,Hula Hoop,,,
,,,,,,,,,,Jenga,,,
,,,,,,,,,,marathon,,,
,,,,,,,,,,piggy bank,,,
,,,,,,,,,,Slinky,,,
,,,,,,,,,,toy,,,
,,,,,,,,,,Cerberus,,,
,,,,,,,,,,Cupid,,,
,,,,,,,,,,Excalibur,,,
,,,,,,,,,,gnome,,,
,,,,,,,,,,leprechaun,,,
,,,,,,,,,,Minotaur,,,
,,,,,,,,,,Mummy,,,
,,,,,,,,,,sphinx,,,
,,,,,,,,,,superpower,,,
,,,,,,,,,,witch,,,
,,,,,,,,,,beak,,,
,,,,,,,,,,bird bath,,,
,,,,,,,,,,cocoon,,,
,,,,,,,,,,feather,,,
,,,,,,,,,,fish bowl,,,
,,,,,,,,,,flock,,,
,,,,,,,,,,insect,,,
,,,,,,,,,,udder,,,
,,,,,,,,,,wing,,,
,,,,,,,,,,beanie,,,
,,,,,,,,,,eyeshadow,,,
,,,,,,,,,,hair roller,,,
,,,,,,,,,,hard hat,,,
,,,,,,,,,,manicure,,,
,,,,,,,,,,nail polish,,,
,,,,,,,,,,top hat,,,
,,,,,,,,,,bean bag,,,
,,,,,,,,,,bookshelf,,,
,,,,,,,,,,cabinet,,,
,,,,,,,,,,chandelier,,,
,,,,,,,,,,cupboard,,,
,,,,,,,,,,cushion,,,
,,,,,,,,,,headboard,,,
,,,,,,,,,,lounge,,,
,,,,,,,,,,below,,,
,,,,,,,,,,applause,,,
,,,,,,,,,,carnivore,,,
,,,,,,,,,,tug,,,
,,,,,,,,,,genie,,,
,,,,,,,,,,Mona Lisa,,,
,,,,,,,,,,bad,,,
,,,,,,,,,,bald,,,
,,,,,,,,,,black,,,
,,,,,,,,,,blue,,,
,,,,,,,,,,clean,,,
,,,,,,,,,,cold,,,
,,,,,,,,,,comfortable,,,
,,,,,,,,,,complete,,,
,,,,,,,,,,cute,,,
,,,,,,,,,,deep,,,
,,,,,,,,,,dirty,,,
,,,,,,,,,,dizzy,,,
,,,,,,,,,,fast,,,
,,,,,,,,,,full,,,
,,,,,,,,,,gentle,,,
,,,,,,,,,,good,,,
,,,,,,,,,,hard,,,
,,,,,,,,,,hot,,,
,,,,,,,,,,macho,,,
,,,,,,,,,,messy,,,
,,,,,,,,,,old,,,
,,,,,,,,,,open,,,
,,,,,,,,,,overweight,,,
,,,,,,,,,,poor,,,
,,,,,,,,,,red,,,
,,,,,,,,,,royal,,,
,,,,,,,,,,scary,,,
,,,,,,,,,,shallow,,,
,,,,,,,,,,short,,,
,,,,,,,,,,slow,,,
,,,,,,,,,,warm,,,
,,,,,,,,,,white,,,
,,,,,,,,,,abstract,,,
,,,,,,,,,,adorable,,,
,,,,,,,,,,fabulous,,,
,,,,,,,,,,fireproof,,,
,,,,,,,,,,hairy,,,
,,,,,,,,,,hilarious,,,
,,,,,,,,,,homeless,,,
,,,,,,,,,,incognito,,,
,,,,,,,,,,invisible,,,
,,,,,,,,,,low,,,
,,,,,,,,,,pink,,,
,,,,,,,,,,poisonous,,,
,,,,,,,,,,popular,,,
,,,,,,,,,,positive,,,
,,,,,,,,,,pregnant,,,
,,,,,,,,,,skinny,,,
,,,,,,,,,,stoned,,,
,,,,,,,,,,strong,,,
,,,,,,,,,,thin,,,
,,,,,,,,,,tiny,,,
,,,,,,,,,,tropical,,,
,,,,,,,,,,weak,,,
,,,,,,,,,,western,,,
,,,,,,,,,,yellow,,,
,,,,,,,,,,young,,,
,,,,,,,,,,dead,,,
,,,,,,,,,,funny,,,
,,,,,,,,,,gummy,,,
,,,,,,,,,,slippery,,,
,,,,,,,,,,underweight,,,
,,,,,,,,,,blind,,,
,,,,,,,,,,color-blind,,,
,,,,,,,,,,beach,,,
,,,,,,,,,,birch,,,
,,,,,,,,,,branch,,,
,,,,,,,,,,cactus,,,
,,,,,,,,,,canyon,,,
,,,,,,,,,,cave,,,
,,,,,,,,,,cliff,,,
,,,,,,,,,,cloud,,,
,,,,,,,,,,clover,,,
,,,,,,,,,,coast,,,
,,,,,,,,,,coral,,,
,,,,,,,,,,country,,,
,,,,,,,,,,daisy,,,
,,,,,,,,,,dandelion,,,
,,,,,,,,,,desert,,,
,,,,,,,,,,drought,,,
,,,,,,,,,,fern,,,
,,,,,,,,,,field,,,
,,,,,,,,,,flower,,,
,,,,,,,,,,fog,,,
,,,,,,,,,,forest,,,
,,,,,,,,,,fossil,,,
,,,,,,,,,,grass,,,
,,,,,,,,,,hill,,,
,,,,,,,,,,island,,,
,,,,,,,,,,ivy,,,
,,,,,,,,,,jungle,,,
,,,,,,,,,,lake,,,
,,,,,,,,,,leaf,,,
,,,,,,,,,,lightning,,,
,,,,,,,,,,log,,,
,,,,,,,,,,marigold,,,
,,,,,,,,,,moss,,,
,,,,,,,,,,mountain,,,
,,,,,,,,,,nature,,,
,,,,,,,,,,ocean,,,
,,,,,,,,,,peninsula,,,
,,,,,,,,,,pond,,,
,,,,,,,,,,poppy,,,
,,,,,,,,,,puddle,,,
,,,,,,,,,,quicksand,,,
,,,,,,,,,,rain,,,
,,,,,,,,,,rainbow,,,
,,,,,,,,,,raindrop,,,
,,,,,,,,,,rainforest,,,
,,,,,,,,,,river,,,
,,,,,,,,,,rock,,,
,,,,,,,,,,rose,,,
,,,,,,,,,,saltwater,,,
,,,,,,,,,,sea,,,
,,,,,,,,,,seashell,,,
,,,,,,,,,,shrub,,,
,,,,,,,,,,snowflake,,,
,,,,,,,,,,storm,,,
,,,,,,,,,,swamp,,,
,,,,,,,,,,thunder,,,
,,,,,,,,,,thunderstorm,,,
,,,,,,,,,,tornado,,,
,,,,,,,,,,tree,,,
,,,,,,,,,,twig,,,
,,,,,,,,,,valley,,,
,,,,,,,,,,vine,,,
,,,,,,,,,,volcano,,,
,,,,,,,,,,waterfall,,,
,,,,,,,,,,wave,,,
,,,,,,,,,,weather,,,
,,,,,,,,,,wind ,,,
,,,,,,,,,,apple seed,,,
,,,,,,,,,,bamboo,,,
,,,,,,,,,,coral reef,,,
,,,,,,,,,,iceberg,,,
,,,,,,,,,,icicle,,,
,,,,,,,,,,mud,,,
,,,,,,,,,,palm tree,,,
,,,,,,,,,,petal,,,
,,,,,,,,,,root,,,
,,,,,,,,,,sand,,,
,,,,,,,,,,sandstorm,,,
,,,,,,,,,,seaweed,,,
,,,,,,,,,,seed,,,
,,,,,,,,,,sky,,,
,,,,,,,,,,soil,,,
,,,,,,,,,,sunflower,,,
,,,,,,,,,,water,,,
,,,,,,,,,,bark,,,
,,,,,,,,,,blizzard,,,
,,,,,,,,,,cherry blossom,,,
,,,,,,,,,,dew,,,
,,,,,,,,,,droplet,,,
,,,,,,,,,,earthquake,,,
,,,,,,,,,,geyser,,,
,,,,,,,,,,lily,,,
,,,,,,,,,,lilypad,,,
,,,,,,,,,,orchid,,,
,,,,,,,,,,pine,,,
,,,,,,,,,,pine cone,,,
,,,,,,,,,,reeds,,,
,,,,,,,,,,snow,,,
,,,,,,,,,,spore,,,
,,,,,,,,,,willow,,,
,,,,,,,,,,airport,,,
,,,,,,,,,,apartment,,,
,,,,,,,,,,bank,,,
,,,,,,,,,,bar,,,
,,,,,,,,,,barn,,,
,,,,,,,,,,building,,,
,,,,,,,,,,cabin,,,
,,,,,,,,,,church,,,
,,,,,,,,,,cinema,,,
,,,,,,,,,,coffee shop,,,
,,,,,,,,,,dock,,,
,,,,,,,,,,doghouse,,,
,,,,,,,,,,factory,,,
,,,,,,,,,,farm,,,
,,,,,,,,,,firehouse,,,
,,,,,,,,,,harbor,,,
,,,,,,,,,,hospital,,,
,,,,,,,,,,hotel,,,
,,,,,,,,,,house,,,
,,,,,,,,,,hut,,,
,,,,,,,,,,jail,,,
,,,,,,,,,,kindergarten,,,
,,,,,,,,,,library,,,
,,,,,,,,,,lighthouse,,,
,,,,,,,,,,mall,,,
,,,,,,,,,,museum,,,
,,,,,,,,,,nightclub,,,
,,,,,,,,,,observatory,,,
,,,,,,,,,,office,,,
,,,,,,,,,,palace,,,
,,,,,,,,,,pigsty,,,
,,,,,,,,,,prison,,,
,,,,,,,,,,pub,,,
,,,,,,,,,,restaurant,,,
,,,,,,,,,,school,,,
,,,,,,,,,,silo,,,
,,,,,,,,,,skyscraper,,,
,,,,,,,,,,stadium,,,
,,,,,,,,,,supermarket,,,
,,,,,,,,,,tent,,,
,,,,,,,,,,tower,,,
,,,,,,,,,,warehouse,,,
,,,,,,,,,,windmill,,,
,,,,,,,,,,zoo,,,
,,,,,,,,,,alley,,,
,,,,,,,,,,bench,,,
,,,,,,,,,,bridge,,,
,,,,,,,,,,drain,,,
,,,,,,,,,,highway,,,
,,,,,,,,,,intersection,,,
,,,,,,,,,,lane,,,
,,,,,,,,,,mailbox,,,
,,,,,,,,,,manhole,,,
,,,,,,,,,,neighborhood,,,
,,,,,,,,,,park,,,
,,,,,,,,,,pavement,,,
,,,,,,,,,,playground,,,
,,,,,,,,,,rail,,,
,,,,,,,,,,roadblock,,,
,,,,,,,,,,street,,,
,,,,,,,,,,traffic,,,
,,,,,,,,,,tunnel,,,
,,,,,,,,,,village,,,
,,,,,,,,,,car wash,,,
,,,,,,,,,,casino,,,
,,,,,,,,,,cathedral,,,
,,,,,,,,,,Colosseum,,,
,,,,,,,,,,fort,,,
,,,,,,,,,,mansion,,,
,,,,,,,,,,pet shop,,,
,,,,,,,,,,shop,,,
,,,,,,,,,,studio,,,
,,,,,,,,,,treehouse,,,
,,,,,,,,,,bus stop,,,
,,,,,,,,,,Chinatown,,,
,,,,,,,,,,graveyard,,,
,,,,,,,,,,path,,,
,,,,,,,,,,ramp,,,
,,,,,,,,,,stop sign,,,
,,,,,,,,,,aquarium,,,
,,,,,,,,,,bakery,,,
,,,,,,,,,,fortress,,,
,,,,,,,,,,laboratory,,,
,,,,,,,,,,barbed wire,,,
,,,,,,,,,,fire hydrant,,,
,,,,,,,,,,fountain,,,
,,,,,,,,,,parking ,,,
,,,,,,,,,,statue,,,
,,,,,,,,,,traffic light,,,
,,,,,,,,,,well,,,
,,,,,,,,,,accordion,,,
,,,,,,,,,,bagpipes,,,
,,,,,,,,,,banjo,,,
,,,,,,,,,,cello,,,
,,,,,,,,,,clarinet,,,
,,,,,,,,,,drum kit,,,
,,,,,,,,,,electric guitar,,,
,,,,,,,,,,guitar,,,
,,,,,,,,,,harmonica,,,
,,,,,,,,,,harp,,,
,,,,,,,,,,organ,,,
,,,,,,,,,,piano,,,
,,,,,,,,,,saxophone,,,
,,,,,,,,,,timpani,,,
,,,,,,,,,,trombone,,,
,,,,,,,,,,trumpet,,,
,,,,,,,,,,tuba,,,
,,,,,,,,,,ukulele,,,
,,,,,,,,,,viola,,,
,,,,,,,,,,violin,,,
,,,,,,,,,,cymbal,,,
,,,,,,,,,,maracas,,,
,,,,,,,,,,panpipes,,,
,,,,,,,,,,chime,,,
,,,,,,,,,,drum,,,
,,,,,,,,,,flute,,,
,,,,,,,,,,jazz,,,
,,,,,,,,,,kazoo,,,
,,,,,,,,,,lyrics,,,
,,,,,,,,,,xylophone,,,
,,,,,,,,,,ABBA,,,
,,,,,,,,,,AC/DC,,,
,,,,,,,,,,beatbox,,,
,,,,,,,,,,hip hop,,,
,,,,,,,,,,orchestra,,,
,,,,,,,,,,symphony,,,
,,,,,,,,,,vuvuzela,,,
,,,,,,,,,,opera,,,
,,,,,,,,,,The Beatles,,,
,,,,,,,,,,Amsterdam,,,
,,,,,,,,,,Argentina,,,
,,,,,,,,,,Brazil,,,
,,,,,,,,,,China,,,
,,,,,,,,,,Croatia,,,
,,,,,,,,,,Cuba,,,
,,,,,,,,,,Egypt,,,
,,,,,,,,,,England,,,
,,,,,,,,,,France,,,
,,,,,,,,,,Germany,,,
,,,,,,,,,,Greece,,,
,,,,,,,,,,Hawaii,,,
,,,,,,,,,,India,,,
,,,,,,,,,,Ireland,,,
,,,,,,,,,,Israel,,,
,,,,,,,,,,Italy,,,
,,,,,,,,,,Japan,,,
,,,,,,,,,,London,,,
,,,,,,,,,,Madagascar,,,
,,,,,,,,,,Mexico,,,
,,,,,,,,,,Netherlands,,,
,,,,,,,,,,North Korea,,,
,,,,,,,,,,Norway,,,
,,,,,,,,,,Portugal,,,
,,,,,,,,,,Romania,,,
,,,,,,,,,,Russia,,,
,,,,,,,,,,Scotland,,,
,,,,,,,,,,Singapore,,,
,,,,,,,,,,Spain,,,
,,,,,,,,,,Australia,,,
,,,,,,,,,,Las Vegas,,,
,,,,,,,,,,New Zealand,,,
,,,,,,,,,,Paris,,,
,,,,,,,,,,Rome,,,
,,,,,,,,,,Vatican,,,
,,,,,,,,,,Africa,,,
,,,,,,,,,,America,,,
,,,,,,,,,,Canada,,,
,,,,,,,,,,Florida,,,
,,,,,,,,,,Europe,,,
,,,,,,,,,,Hollywood,,,
,,,,,,,,,,Antarctica,,,
,,,,,,,,,,Asia,,,
,,,,,,,,,,border,,,
,,,,,,,,,,equator,,,
,,,,,,,,,,flagpole,,,
,,,,,,,,,,globe,,,
,,,,,,,,,,landscape,,,
,,,,,,,,,,north,,,
,,,,,,,,,,underground,,,
,,,,,,,,,,continent,,,
,,,,,,,,,,flag,,,
,,,,,,,,,,geography,,,
,,,,,,,,,,map,,,
,,,,,,,,,,compass,,,
,,,,,,,,,,east,,,
,,,,,,,,,,south,,,
,,,,,,,,,,west,,,
,,,,,,,,,,horizon,,,
,,,,,,,,,,skyline,,,
,,,,,,,,,,Eiffel tower,,,
,,,,,,,,,,Great Wall,,,
,,,,,,,,,,Big Ben,,,
,,,,,,,,,,London Eye,,,
,,,,,,,,,,Mont Blanc,,,
,,,,,,,,,,Mount Everest,,,
,,,,,,,,,,Mount Rushmore,,,
,,,,,,,,,,Northern Lights,,,
,,,,,,,,,,shipwreck,,,
,,,,,,,,,,Statue of Liberty,,,
,,,,,,,,,,Suez Canal,,,
,,,,,,,,,,Sydney Opera House,,,
,,,,,,,,,,Tower Bridge,,,
,,,,,,,,,,Tower of Pisa,,,
,,,,,,,,,,arm,,,
,,,,,,,,,,backbone,,,
,,,,,,,,,,belly,,,
,,,,,,,,,,belly button,,,
,,,,,,,,,,butt cheeks,,,
,,,,,,,,,,cheeks,,,
,,,,,,,,,,ear,,,
,,,,,,,,,,elbow,,,
,,,,,,,,,,eye,,,
,,,,,,,,,,eyebrow,,,
,,,,,,,,,,eyelash,,,
,,,,,,,,,,finger,,,
,,,,,,,,,,fingernail,,,
,,,,,,,,,,forehead,,,
,,,,,,,,,,hair,,,
,,,,,,,,,,hand,,,
,,,,,,,,,,head,,,
,,,,,,,,,,mouth,,,
,,,,,,,,,,nail,,,
,,,,,,,,,,neck,,,
,,,,,,,,,,nose hair,,,
,,,,,,,,,,nostrils,,,
,,,,,,,,,,palm,,,
,,,,,,,,,,pinky,,,
,,,,,,,,,,shoulder,,,
,,,,,,,,,,skin,,,
,,,,,,,,,,thumb,,,
,,,,,,,,,,toe,,,
,,,,,,,,,,toenail,,,
,,,,,,,,,,wrist,,,
,,,,,,,,,,freckles,,,
,,,,,,,,,,knuckle,,,
,,,,,,,,,,armpit,,,
,,,,,,,,,,blood,,,
,,,,,,,,,,booger,,,
,,,,,,,,,,brain,,,
,,,,,,,,,,cheek,,,
,,,,,,,,,,chest,,,
,,,,,,,,,,chin,,,
,,,,,,,,,,earwax,,,
,,,,,,,,,,face,,,
,,,,,,,,,,heel,,,
,,,,,,,,,,knee,,,
,,,,,,,,,,lap,,,
,,,,,,,,,,legs,,,
,,,,,,,,,,lips,,,
,,,,,,,,,,lung,,,
,,,,,,,,,,muscle,,,
,,,,,,,,,,mustache,,,
,,,,,,,,,,nose,,,
,,,,,,,,,,rib,,,
,,,,,,,,,,saliva,,,
,,,,,,,,,,scar,,,
,,,,,,,,,,skeleton,,,
,,,,,,,,,,skull,,,
,,,,,,,,,,spine,,,
,,,,,,,,,,stomach,,,
,,,,,,,,,,tongue,,,
,,,,,,,,,,tooth,,,
,,,,,,,,,,vein,,,
,,,,,,,,,,waist,,,
,,,,,,,,,,wrinkle,,,
,,,,,,,,,,chest hair,,,
,,,,,,,,,,dandruff,,,
,,,,,,,,,,fingertip,,,
,,,,,,,,,,jaw,,,
,,,,,,,,,,kidney,,,
,,,,,,,,,,pimple,,,
,,,,,,,,,,six pack,,,
,,,,,,,,,,throat,,,
,,,,,,,,,,unibrow,,,
,,,,,,,,,,wart,,,
,,,,,,,,,,acne,,,
,,,,,,,,,,Adidas,,,
,,,,,,,,,,Android,,,
,,,,,,,,,,Apple,,,
,,,,,,,,,,Audi,,,
,,,,,,,,,,Bitcoin,,,
,,,,,,,,,,Chrome,,,
,,,,,,,,,,Discord,,,
,,,,,,,,,,Facebook,,,
,,,,,,,,,,Fanta,,,
,,,,,,,,,,Google,,,
,,,,,,,,,,Ikea,,,
,,,,,,,,,,KFC,,,
,,,,,,,,,,McDonalds,,,
,,,,,,,,,,Miniclip,,,
,,,,,,,,,,Nasa,,,
,,,,,,,,,,Nike,,,
,,,,,,,,,,Paypal,,,
,,,,,,,,,,Pepsi,,,
,,,,,,,,,,Samsung,,,
,,,,,,,,,,Skype,,,
,,,,,,,,,,Twitter,,,
,,,,,,,,,,WhatsApp,,,
,,,,,,,,,,Youtube,,,
,,,,,,,,,,BMW,,,
,,,,,,,,,,Mercedes,,,
,,,,,,,,,,Nintendo Switch,,,
,,,,,,,,,,Nutella,,,
,,,,,,,,,,Microsoft,,,
,,,,,,,,,,MTV,,,
,,,,,,,,,,Photoshop,,,
,,,,,,,,,,Reddit,,,
,,,,,,,,,,Xerox,,,
,,,,,,,,,,Intel,,,
,,,,,,,,,,Abraham Lincoln,,,
,,,,,,,,,,Aladdin,,,
,,,,,,,,,,Angelina Jolie,,,
,,,,,,,,,,Angry Birds,,,
,,,,,,,,,,Asterix,,,
,,,,,,,,,,Bambi,,,
,,,,,,,,,,Barack Obama,,,
,,,,,,,,,,Bart Simpson,,,
,,,,,,,,,,Beethoven,,,
,,,,,,,,,,Bill Gates,,,
,,,,,,,,,,Bruce Lee,,,
,,,,,,,,,,Bugs Bunny,,,
,,,,,,,,,,Captain America,,,
,,,,,,,,,,Cat Woman,,,
,,,,,,,,,,Charlie Chaplin,,,
,,,,,,,,,,Chewbacca,,,
,,,,,,,,,,Chuck Norris,,,
,,,,,,,,,,Cookie Monster,,,
,,,,,,,,,,Crash Bandicoot,,,
,,,,,,,,,,Daffy Duck,,,
,,,,,,,,,,Darwin,,,
,,,,,,,,,,Deadpool,,,
,,,,,,,,,,Dexter,,,
,,,,,,,,,,Donald Duck,,,
,,,,,,,,,,Donald Trump,,,
,,,,,,,,,,Dora,,,
,,,,,,,,,,Dumbo,,,
,,,,,,,,,,Einstein,,,
,,,,,,,,,,Elmo,,,
,,,,,,,,,,Elon Musk,,,
,,,,,,,,,,Elsa,,,
,,,,,,,,,,Eminem,,,
,,,,,,,,,,Finn,,,
,,,,,,,,,,Finn and Jake,,,
,,,,,,,,,,Flash,,,
,,,,,,,,,,Frankenstein,,,
,,,,,,,,,,Fred Flintstone,,,
,,,,,,,,,,Gandalf,,,
,,,,,,,,,,Gandhi,,,
,,,,,,,,,,Garfield,,,
,,,,,,,,,,Goofy,,,
,,,,,,,,,,Green Lantern,,,
,,,,,,,,,,Gru,,,
,,,,,,,,,,Gumball,,,
,,,,,,,,,,Hello Kitty,,,
,,,,,,,,,,Hercules,,,
,,,,,,,,,,Homer Simpson,,,
,,,,,,,,,,Hulk,,,
,,,,,,,,,,Iron Man,,,
,,,,,,,,,,Jackie Chan,,,
,,,,,,,,,,James Bond,,,
,,,,,,,,,,JayZ,,,
,,,,,,,,,,Jesus Christ,,,
,,,,,,,,,,Jimmy Neutron,,,
,,,,,,,,,,John Cena,,,
,,,,,,,,,,Johnny Bravo,,,
,,,,,,,,,,Katy Perry,,,
,,,,,,,,,,Kim Jong-un,,,
,,,,,,,,,,King Kong,,,
,,,,,,,,,,Kirby,,,
,,,,,,,,,,Lady Gaga,,,
,,,,,,,,,,Leonardo da Vinci,,,
,,,,,,,,,,Leonardo DiCaprio,,,
,,,,,,,,,,Lion King,,,
,,,,,,,,,,Mark Zuckerberg,,,
,,,,,,,,,,Medusa,,,
,,,,,,,,,,Michael Jackson,,,
,,,,,,,,,,Mickey Mouse,,,
,,,,,,,,,,Minion,,,
,,,,,,,,,,Morgan Freeman,,,
,,,,,,,,,,Morty,,,
,,,,,,,,,,Mozart,,,
,,,,,,,,,,Mr. Bean,,,
,,,,,,,,,,Mr. Meeseeks,,,
,,,,,,,,,,Nemo,,,
,,,,,,,,,,Notch,,,
,,,,,,,,,,Obelix,,,
,,,,,,,,,,Olaf,,,
,,,,,,,,,,Pac-Man,,,
,,,,,,,,,,Patrick,,,
,,,,,,,,,,Peppa Pig,,,
,,,,,,,,,,Phineas and Ferb,,,
,,,,,,,,,,Picasso,,,
,,,,,,,,,,Pikachu,,,
,,,,,,,,,,Pink Panther,,,
,,,,,,,,,,Pinocchio,,,
,,,,,,,,,,Pluto,,,
,,,,,,,,,,Popeye,,,
,,,,,,,,,,Porky Pig,,,
,,,,,,,,,,Poseidon,,,
,,,,,,,,,,Pumba,,,
,,,,,,,,,,Rick,,,
,,,,,,,,,,Robbie Rotten,,,
,,,,,,,,,,Robin Hood,,,
,,,,,,,,,,Scooby Doo,,,
,,,,,,,,,,Sherlock Holmes,,,
,,,,,,,,,,Shrek,,,
,,,,,,,,,,Skrillex,,,
,,,,,,,,,,Sonic,,,
,,,,,,,,,,Spartacus,,,
,,,,,,,,,,Spiderman,,,
,,,,,,,,,,Squidward,,,
,,,,,,,,,,Steve Jobs,,,
,,,,,,,,,,Superman,,,
,,,,,,,,,,Susan Wojcicki,,,
,,,,,,,,,,Tarzan,,,
,,,,,,,,,,Terminator,,,
,,,,,,,,,,Thor,,,
,,,,,,,,,,Tweety,,,
,,,,,,,,,,Usain Bolt,,,
,,,,,,,,,,Vault boy,,,
,,,,,,,,,,Vin Diesel,,,
,,,,,,,,,,Wall-e,,,
,,,,,,,,,,William Shakespeare,,,
,,,,,,,,,,William Wallace,,,
,,,,,,,,,,Winnie the Pooh,,,
,,,,,,,,,,Wolverine,,,
,,,,,,,,,,Wonder Woman,,,
,,,,,,,,,,Yoda,,,
,,,,,,,,,,Yoshi,,,
,,,,,,,,,,Zeus,,,
,,,,,,,,,,Zorro,,,
,,,,,,,,,,Easter Bunny,,,
,,,,,,,,,,Grinch,,,
,,,,,,,,,,Harry Potter,,,
,,,,,,,,,,Kermit,,,
,,,,,,,,,,Santa,,,
,,,,,,,,,,Tails,,,
,,,,,,,,,,Tooth Fairy,,,
,,,,,,,,,,Batman,,,
,,,,,,,,,,Luigi,,,
,,,,,,,,,,Mario,,,
,,,,,,,,,,SpongeBob,,,
,,,,,,,,,,Bomberman,,,
,,,,,,,,,,Creeper,,,
,,,,,,,,,,Teletubby,,,
,,,,,,,,,,airship,,,
,,,,,,,,,,amber,,,
,,,,,,,,,,ammo,,,
,,,,,,,,,,anatomy,,,
,,,,,,,,,,antlers,,,
,,,,,,,,,,app,,,
,,,,,,,,,,apron,,,
,,,,,,,,,,armchair,,,
,,,,,,,,,,asterisk,,,
,,,,,,,,,,asteroid belt,,,
,,,,,,,,,,badminton,,,
,,,,,,,,,,bathrobe,,,
,,,,,,,,,,beard,,,
,,,,,,,,,,beret,,,
,,,,,,,,,,birdcage,,,
,,,,,,,,,,birdhouse,,,
,,,,,,,,,,blueprint,,,
,,,,,,,,,,bone,,,
,,,,,,,,,,bouquet,,,
,,,,,,,,,,boxcar,,,
,,,,,,,,,,boxing,,,
,,,,,,,,,,braid,,,
,,,,,,,,,,braille,,,
,,,,,,,,,,breakdance,,,
,,,,,,,,,,buffet,,,
,,,,,,,,,,bullseye,,,
,,,,,,,,,,burn,,,
,,,,,,,,,,cable car,,,
,,,,,,,,,,canoe,,,
,,,,,,,,,,car,,,
,,,,,,,,,,chaos,,,
,,,,,,,,,,checkers,,,
,,,,,,,,,,chip,,,
,,,,,,,,,,Christmas tree,,,
,,,,,,,,,,Clogs,,,
,,,,,,,,,,cobweb,,,
,,,,,,,,,,combine harvester,,,
,,,,,,,,,,conductor,,,
,,,,,,,,,,constellation,,,
,,,,,,,,,,conveyor belt,,,
,,,,,,,,,,corrida,,,
,,,,,,,,,,couch,,,
,,,,,,,,,,countdown,,,
,,,,,,,,,,cradle,,,
,,,,,,,,,,crane,,,
,,,,,,,,,,cricket,,,
,,,,,,,,,,crystal ball,,,
,,,,,,,,,,cyclops,,,
,,,,,,,,,,dairy,,,
,,,,,,,,,,dam,,,
,,,,,,,,,,daydream,,,
,,,,,,,,,,defibrillator,,,
,,,,,,,,,,demolition derby,,,
,,,,,,,,,,den,,,
,,,,,,,,,,dishwasher,,,
,,,,,,,,,,doormat,,,
,,,,,,,,,,dream catcher,,,
,,,,,,,,,,earmuffs,,,
,,,,,,,,,,egg hunt,,,
,,,,,,,,,,elf,,,
,,,,,,,,,,escalator,,,
,,,,,,,,,,eyepatch,,,
,,,,,,,,,,fairy tale,,,
,,,,,,,,,,fallout,,,
,,,,,,,,,,fedora,,,
,,,,,,,,,,fever,,,
,,,,,,,,,,Fifa,,,
,,,,,,,,,,fingerprint,,,
,,,,,,,,,,force field,,,
,,,,,,,,,,friendship bracelet,,,
,,,,,,,,,,gangrene,,,
,,,,,,,,,,garbage truck,,,
,,,,,,,,,,glider,,,
,,,,,,,,,,goddess,,,
,,,,,,,,,,golem,,,
,,,,,,,,,,gondola,,,
,,,,,,,,,,graphite,,,
,,,,,,,,,,griffin,,,
,,,,,,,,,,Guitar Hero,,,
,,,,,,,,,,gunpowder,,,
,,,,,,,,,,gymnastics,,,
,,,,,,,,,,hairband,,,
,,,,,,,,,,hangman,,,
,,,,,,,,,,hatch,,,
,,,,,,,,,,hearth,,,
,,,,,,,,,,helium,,,
,,,,,,,,,,herbivore,,,
,,,,,,,,,,hole,,,
,,,,,,,,,,hot air balloon,,,
,,,,,,,,,,Hydra,,,
,,,,,,,,,,Ice Age,,,
,,,,,,,,,,ice fishing,,,
,,,,,,,,,,imp,,,
,,,,,,,,,,jersey,,,
,,,,,,,,,,jet pack,,,
,,,,,,,,,,keypad,,,
,,,,,,,,,,kilt,,,
,,,,,,,,,,landfill,,,
,,,,,,,,,,light,,,
,,,,,,,,,,long coat,,,
,,,,,,,,,,loop,,,
,,,,,,,,,,mane,,,
,,,,,,,,,,math,,,
,,,,,,,,,,monkey bars,,,
,,,,,,,,,,monocle,,,
,,,,,,,,,,music notes,,,
,,,,,,,,,,Narnia,,,
,,,,,,,,,,nightlight,,,
,,,,,,,,,,ogre,,,
,,,,,,,,,,Oktoberfest,,,
,,,,,,,,,,Olympics,,,
,,,,,,,,,,Overwatch,,,
,,,,,,,,,,pantry,,,
,,,,,,,,,,paparazzi,,,
,,,,,,,,,,paper plane,,,
,,,,,,,,,,parasol,,,
,,,,,,,,,,pearl,,,
,,,,,,,,,,Pegasus,,,
,,,,,,,,,,phoenix,,,
,,,,,,,,,,pinata,,,
,,,,,,,,,,piston,,,
,,,,,,,,,,pixel,,,
,,,,,,,,,,poker,,,
,,,,,,,,,,pottery,,,
,,,,,,,,,,prize,,,
,,,,,,,,,,punching bag,,,
,,,,,,,,,,rattle,,,
,,,,,,,,,,Renaissance,,,
,,,,,,,,,,robe,,,
,,,,,,,,,,rock climbing,,,
,,,,,,,,,,rocking chair,,,
,,,,,,,,,,rodeo,,,
,,,,,,,,,,sandals,,,
,,,,,,,,,,sapphire,,,
,,,,,,,,,,satellite dish,,,
,,,,,,,,,,scratch,,,
,,,,,,,,,,selfie,,,
,,,,,,,,,,shooting star,,,
,,,,,,,,,,shorts,,,
,,,,,,,,,,sideburns,,,
,,,,,,,,,,SIM card,,,
,,,,,,,,,,slippers,,,
,,,,,,,,,,snowmobile,,,
,,,,,,,,,,sock puppet,,,
,,,,,,,,,,solar panel,,,
,,,,,,,,,,speedboat,,,
,,,,,,,,,,stain,,,
,,,,,,,,,,steering wheel,,,
,,,,,,,,,,stick man,,,
,,,,,,,,,,stocking,,,
,,,,,,,,,,stool,,,
,,,,,,,,,,streetcar,,,
,,,,,,,,,,stroller,,,
,,,,,,,,,,sumo,,,
,,,,,,,,,,tap dance,,,
,,,,,,,,,,tea bag,,,
,,,,,,,,,,tee,,,
,,,,,,,,,,tile,,,
,,,,,,,,,,tinsel,,,
,,,,,,,,,,toxic waste,,,
,,,,,,,,,,traffic jam,,,
,,,,,,,,,,trampoline,,,
,,,,,,,,,,trench,,,
,,,,,,,,,,troll,,,
,,,,,,,,,,trunk,,,
,,,,,,,,,,tug of war,,,
,,,,,,,,,,turban,,,
,,,,,,,,,,tutu,,,
,,,,,,,,,,vehicle,,,
,,,,,,,,,,veil,,,
,,,,,,,,,,vending machine,,,
,,,,,,,,,,vest,,,
,,,,,,,,,,wagon,,,
,,,,,,,,,,war,,,
,,,,,,,,,,wardrobe,,,
,,,,,,,,,,washing machine,,,
,,,,,,,,,,weather vane,,,
,,,,,,,,,,wheelchair,,,
,,,,,,,,,,whiskers,,,
,,,,,,,,,,whiteboard,,,
,,,,,,,,,,wind farm,,,
,,,,,,,,,,windsock,,,
,,,,,,,,,,wood,,,
,,,,,,,,,,wrecking ball,,,
,,,,,,,,,,yoga,,,
,,,,,,,,,,zodiac sign,,,
,,,,,,,,,,amp,,,
,,,,,,,,,,Broadway,,,
,,,,,,,,,,castanets,,,
,,,,,,,,,,contrabass,,,
,,,,,,,,,,didgeridoo,,,
,,,,,,,,,,drum roll,,,
,,,,,,,,,,gong,,,
,,,,,,,,,,gramophone,,,
,,,,,,,,,,guiro,,,
,,,,,,,,,,koto,,,
,,,,,,,,,,lute,,,
,,,,,,,,,,mallet,,,
,,,,,,,,,,marimba,,,
,,,,,,,,,,music,,,
,,,,,,,,,,music box,,,
,,,,,,,,,,ocarina,,,
,,,,,,,,,,sitar,,,
,,,,,,,,,,tambourine,,,
,,,,,,,,,,theremin,,,
,,,,,,,,,,tuning fork,,,
,,,,,,,,,,Algeria,,,
,,,,,,,,,,Barcelona,,,
,,,,,,,,,,Berlin Wall,,,
,,,,,,,,,,Britain,,,
,,,,,,,,,,Chile,,,
,,,,,,,,,,Colombia,,,
,,,,,,,,,,Dead Sea,,,
,,,,,,,,,,Denmark,,,
,,,,,,,,,,Easter Island,,,
,,,,,,,,,,English Channel,,,
,,,,,,,,,,Finland,,,
,,,,,,,,,,Grand Canyon,,,
,,,,,,,,,,Great Barrier Reef,,,
,,,,,,,,,,Greenland,,,
,,,,,,,,,,Hungary,,,
,,,,,,,,,,Indonesia,,,
,,,,,,,,,,Iran,,,
,,,,,,,,,,Loch Ness,,,
,,,,,,,,,,Louvre,,,
,,,,,,,,,,Machu-Picchu,,,
,,,,,,,,,,Morocco,,,
,,,,,,,,,,Mount Fuji,,,
,,,,,,,,,,Nepal,,,
,,,,,,,,,,North Pole,,,
,,,,,,,,,,Notre-Dame,,,
,,,,,,,,,,Pakistan,,,
,,,,,,,,,,Peru,,,
,,,,,,,,,,Philippines,,,
,,,,,,,,,,Poland,,,
,,,,,,,,,,Pompeii,,,
,,,,,,,,,,Serbia,,,
,,,,,,,,,,Slovakia,,,
,,,,,,,,,,Somalia,,,
,,,,,,,,,,South Korea,,,
,,,,,,,,,,Stonehenge,,,
,,,,,,,,,,Sweden,,,
,,,,,,,,,,Taj Mahal,,,
,,,,,,,,,,Thailand,,,
,,,,,,,,,,Tibet,,,
,,,,,,,,,,Turkey,,,
,,,,,,,,,,Uganda,,,
,,,,,,,,,,Ukraine,,,
,,,,,,,,,,Uluru,,,
,,,,,,,,,,United Kingdom,,,
,,,,,,,,,,Vietnam,,,
,,,,,,,,,,Wales,,,
,,,,,,,,,,White House,,,
,,,,,,,,,,Zimbabwe,,,
,,,,,,,,,,ankle,,,
,,,,,,,,,,artery,,,
,,,,,,,,,,body,,,
,,,,,,,,,,eyelid,,,
,,,,,,,,,,fist,,,
,,,,,,,,,,foot,,,
,,,,,,,,,,liver,,,
,,,,,,,,,,ring finger,,,
,,,,,,,,,,torso,,,
,,,,,,,,,,Burger King,,,
,,,,,,,,,,Firefox,,,
,,,,,,,,,,Pizza Hut,,,
,,,,,,,,,,Spotify,,,
,,,,,,,,,,Taco Bell,,,
,,,,,,,,,,bus terminal,,,
,,,,,,,,,,control tower,,,
,,,,,,,,,,dump,,,
,,,,,,,,,,Ferris wheel,,,
,,,,,,,,,,gas station,,,
,,,,,,,,,,greenhouse,,,
,,,,,,,,,,gym,,,
,,,,,,,,,,haunted house,,,
,,,,,,,,,,log flume,,,
,,,,,,,,,,moat,,,
,,,,,,,,,,phone booth,,,
,,,,,,,,,,power plant,,,
,,,,,,,,,,pylon,,,
,,,,,,,,,,retirement home,,,
,,,,,,,,,,speed bump,,,
,,,,,,,,,,stable,,,
,,,,,,,,,,street light,,,
,,,,,,,,,,tipi,,,
,,,,,,,,,,train station,,,
,,,,,,,,,,utility pole,,,
,,,,,,,,,,watch tower,,,
,,,,,,,,,,water tower,,,
,,,,,,,,,,wishing well,,,
,,,,,,,,,,zebra crossing,,,
,,,,,,,,,,avalanche,,,
,,,,,,,,,,bonsai,,,
,,,,,,,,,,bush,,,
,,,,,,,,,,dunes,,,
,,,,,,,,,,flood,,,
,,,,,,,,,,grain,,,
,,,,,,,,,,hedge,,,
,,,,,,,,,,lavender,,,
,,,,,,,,,,maple,,,
,,,,,,,,,,meadow,,,
,,,,,,,,,,oak,,,
,,,,,,,,,,oasis,,,
,,,,,,,,,,orchard,,,
,,,,,,,,,,pebble,,,
,,,,,,,,,,plant,,,
,,,,,,,,,,pollen,,,
,,,,,,,,,,rock pool,,,
,,,,,,,,,,Savannah,,,
,,,,,,,,,,sprout,,,
,,,,,,,,,,stick,,,
,,,,,,,,,,stump,,,
,,,,,,,,,,thorn,,,
,,,,,,,,,,tsunami,,,
,,,,,,,,,,tumbleweed,,,
,,,,,,,,,,tundra,,,
,,,,,,,,,,Venus flytrap,,,
,,,,,,,,,,wasteland,,,
,,,,,,,,,,wheat,,,
,,,,,,,,,,whirlpool,,,
,,,,,,,,,,ancient,,,
,,,,,,,,,,extinct,,,
,,,,,,,,,,green,,,
,,,,,,,,,,modern,,,
,,,,,,,,,,nuclear,,,
,,,,,,,,,,possessed,,,
,,,,,,,,,,purple,,,
,,,,,,,,,,steampunk,,,
,,,,,,,,,,tangled,,,
,,,,,,,,,,upside down,,,
,,,,,,,,,,Aquaman,,,
,,,,,,,,,,Athena,,,
,,,,,,,,,,Bigfoot,,,
,,,,,,,,,,Bob Ross,,,
,,,,,,,,,,Buddha,,,
,,,,,,,,,,Cinderella,,,
,,,,,,,,,,Darth Vader,,,
,,,,,,,,,,Donkey Kong,,,
,,,,,,,,,,Dracula,,,
,,,,,,,,,,Ed Sheeran,,,
,,,,,,,,,,Godzilla,,,
,,,,,,,,,,Goldilocks,,,
,,,,,,,,,,Grim Reaper,,,
,,,,,,,,,,Hades,,,
,,,,,,,,,,Hermes,,,
,,,,,,,,,,Isaac Newton,,,
,,,,,,,,,,Jedi,,,
,,,,,,,,,,Knuckles,,,
,,,,,,,,,,Loki,,,
,,,,,,,,,,Moby Dick,,,
,,,,,,,,,,Napoleon,,,
,,,,,,,,,,Puss in Boots,,,
,,,,,,,,,,Rapunzel,,,
,,,,,,,,,,Romeo and Juliet,,,
,,,,,,,,,,Snow White,,,
,,,,,,,,,,Stephen Hawking,,,
,,,,,,,,,,Stitch,,,
,,,,,,,,,,The Avengers,,,
,,,,,,,,,,Totoro,,,
,,,,,,,,,,Van Gogh,,,