Aal,Abendessen,Akkordeon,Afrika,Achsel,Angestellter,Abraham Lincoln,Adidas,angreifen,Abfall,Abgrund,Bank,Ast,alt
Adler,Ahorn,Banjo,Ägypten,Achselhöhle,Apotheker,Aladdin,Android,anzeigen,Alarm,Albtraum,Bar,Baum,arm
Äffchen,Alkohol,Bratsche,Amerika,Arm,Arbeiter,Angelina Jolie,Apple,applaudieren,Aufkleber,Anzeige,Basis,Berg,blau
Affe,Ananas,Cello,Amsterdam,Atem,Archäologe,Angry Birds,Audi,arbeiten,Augenlid,Ass,Bauernhof,Birke,chaotisch
Alligator,Apfel,Dudelsack,Argentinien,Auge,Arzt,Asterix,Bitcoin,atmen,Bar,Aufnahme,Bücherei,Blatt,dreckig
Alpaka,Apfelsaft,E-Gitarre,Brasilien,Augenbraue,Astronaut,Bambi,Chrome,aufnehmen,Blase,Basis,Büro,Blitz,erschreckend
Ameise,Aprikose,Flöte,China,Bart,Athlet,Barack Obama,Discord,berühren,Brett,Bestrafung,Coffeeshop,Blume,flach
Anakonda,Avocado,Geige,Deutschland,Bauch,Bankier,Bart Simpson,Facebook,biegen,Eisen,Beule,Einkaufszentrum,Busch,gemütlich
Auster,Bagel,Gitarre,England,Bauchnabel,Barbier,Batman,Fanta,binden,Fallschirm,Community,Fabrik,Camping,gut
Bär,Baguette,Glockenspiel,Florida,Beine,Barkeeper,Beethoven,Google,brüllen,Feder,Delle,Feuerwache,Donner,hart
Bettwanze,Banane,Harfe,Frankreich,Blut,Bedienung,Bill Gates,Ikea,denken,Flutlicht,drinnen,Flughafen,draußen,heiß
Biber,Barbecue,Horn,Griechenland,Bruch,Briefträger,Bruce Lee,KFC,essen,Generator,Echo,Gebäude,Dschungel,kahl
Biene,beißen,Jazz,Hawaii,Brust,Bürgermeister,Bugs Bunny,McDonalds,fliegen,Glocke,Einschlag,Gefängnis,Dürre,kalt
Blutegel,Bier,Kazoo,Indien,Brustkorb,Cheerleader,Captain America,Miniclip,flüstern,Hängematte,Ende,Hafen,Efeu,königlich
Delfin,Biss,Keyboard,Irland,Daumen,Diener,Cat Woman,Monster,gehen,Leiche,Fassade,Hafenbecken,Farn,kurz
Dinosaurier,Blaubeere,Klarinette,Israel,Ellbogen,Doktor,Charlie Chaplin,Nasa,glühen,Linse,Gang,Haus,Feld,langsam
Drache,Blumenkohl,Klavier,Italien,Falte,Fahrer,Chewbacca,Nike,herunterladen,Nussschale,Gefahr,Hotel,Fluss,machomäßig
Eichhörnchen,Bohne,Mundharmonika,Japan,Ferse,Feuerwehrmann,Chuck Norris,Paypal,jonglieren,Pendel,Gift,Hundehütte,Fossil,niedlich
Eidechse,Bohnenstange,Orgel,Kanada,Finger,Friseur,Crash Bandicoot,Pepsi,klatschen,Planke,Invasion,Hütte,Frost,offen
Einhorn,Brause,Pauke,Kroatien,Fingernagel,Höhlenforscher,Daffy Duck,Samsung,klingen,Rasierklinge,Knoten,Kabine,Gänseblümchen,rot
Elch,Brezel,Posaune,Kuba,Zehnagel,Jäger,Darwin,Skype,knien,Rohr,Kopie,Kindergarten,Gewitter,sanft
Elefant,Brocken,Saxofon,London,Gehirn,Kapitän,Deadpool,Twitter,kopieren,Sarg,Kuppel,Kino,Gras,sauber
Emu,Brokkoli,Schallplatte,Madagaskar,Geschlecht,Kellner,Der Rosarote Panther,WhatsApp,küssen,Schatz,Leck,Kirche,Halbinsel,schlecht
Ente,Brot,Schlagzeug,Mexiko,Gesicht,Klempner,Dexter,Youtube,lächeln,Schlüssel,Maskottchen,Knast,Höhle,schnell
Erdmännchen,Butter,Songtext,Niederlande,Glatze,König,Donald Duck,MTV,lachen,Spender,Militär,Kneipe,Holzscheit,schwarz
Esel,Cappuccino,Töne,Nordkorea,Haare,Königin,Donald Trump,BMW,laufen,Thermometer,nichts,Krankenhaus,Hügel,schwindelig
Eule,Cheeseburger,Trommel,Norwegen,Hand,Krankenschwester,Dora,Intel,lesen,Tischplatte,Pause,Lagerhaus,Insel,tief
Faultier,Cocktail,Trompete,Portugal,Handfläche,Model,Dracula,Mercedes,niesen,Zigarette,Recycling,Leuchtturm,Kaktus,übergewichtig
Fisch,Cola,Tuba,Rumänien,Handgelenk,Ober,Dumbo,Nintendo,pfeifen,Aufhänger,Reflexion,Museum,Katastrophe,voll
Flamingo,Corn Dog,Ukulele,Russland,Haut,Pantomime,Einstein,Nutella,pflügen,Autogramm,Rezeption,Nachtclub,Kleeblatt,vollständig
Fledermaus,Cupcake,Violine,Schottland,Herz,Papst,Elmo,Photoshop,prallen,Beute,Schatten,Observatorium,Klippe,warm
Fliege,Dessert,Xylofon,Singapur,Kinn,Pilot,Elon Musk,Reddit,reinigen,Bleiche,Pups,Palast,Koralle,weiß
Frosch,Ei,ABBA,Spanien,kleiner Finger,Polizei,Elsa,Steam,rutschen,Diplom,Sprudel,Restaurant,Küste,abstrakt
Fuchs,Eichel,AC/DC,Südafrika,Knie,Postbote,Eminem,Windows,schlafen,falsche Zähne,Trinkgeld,Scheune,Land,bekifft
Gans,Eigelb,Beatbox,Antarktis,Kopf,Präsident,Finn,Xerox,schreien,Fliegenklatsche,Überfall,Schule,Löwenzahn,berühmt
Garnele,Eis,Becken,Asien,Lippen,Prinz,Finn und Jake,Burger King,schütteln,Grab,Unfall,Schweinestall,Mohn,bezaubernd
Geier,Erdbeere,Hip Hop,Australien,Lunge,Prinzessin,Flash,Firefox,schwingen,Grabmal,Vision,Silo,Moos,dünn
Giraffe,Erdnuss,Kuhglocke,Europa,Mund,Professor,Frankenstein,Pizza Hut,schwitzen,Grabstein,Prüfung,Stadion,Muschel,dürr
Goldfisch,Essen,Oper,Hollywood,Muskel,Rapper,Fred Feuerstein,Spotify,singen,Kleiderbügel,Aktion,Supermarkt,Natur,fabelhaft
Gorilla,Essig,Orchester,Las Vegas,Nacken,Redner,Gandalf,Volkswagen,sinken,Lavalampe,Hieroglyphen,Turm,Nebel,feuerfest
Gottesanbeterin,Essiggurke,Panflöte,Neuseeland,Nagel,Richter,Gandhi,,sperren,Mottenkugel,High Score,Windmühle,Ozean,fleischfressend
Grashüpfer,Fisch,Rasseln,Paris,Narbe,Ritter,Garfield,,stampfen,Vogelscheuche,Klassenzimmer,Wohnung,Pfütze,gelb
Grille,Fleisch,Symphonie,Rom,Nase,Schauspieler,Genie,,stehen,Matrjoschka,Mafia,Wolkenkratzer,Regen,giftig
Gürteltier,Fleischbällchen,The Beatles,Vatikan,Nasenhaar,Schweißer,Goofy,,suchen,Sparschwein,Meme,Zelt,Regenbogen,haarig
Hai,Fritten,Vuvuzela,Belgien,Nasenlöcher,Spion,Green Lantern,,tanzen,Zügel,Morse Code,Zoo,Regenschirm,inkognito
Hamster,Frühstück,Alphorn,Berlin,Oberarm,Sprecher,Gru,,trainieren,Absperrband,Puder,Aquarium,Regentropfen,jung
Hase,Gabel,Bongo,Dänemark,Ohr,Trainer,Gumball,,träumen,Schlüsselanhänger,Punktestand,Bäckerei,Regenwald,klebrig
Hecht,Garnele,Cajon,Finnland,Ohrenschmalz,Türsteher,Hello Kitty,,trinken,Rettungsweste,Queue,Baumhaus,Reise,lustig
Henne,Gebäck,Kastagnetten,Island,Organ,Vermieter,Herkules,,übergeben,Reisepass,Realität,Festung,Ringelblume,niedrig
Heuschrecke,Gemüse,Didgeridoo,Liechtenstein,Pobacken,Zahnarzt,Homer Simpson,,umarmen,Alufolie,Reinheit,Geschäft,Rose,obdachlos
Hirsch,Getränk,Kontrabass,Luxemburg,Rippe,Anwalt,Hulk,,verlassen,Gabel,Risiko,Kasino,Ruhe,pink
Huhn,Grapefruit,Mischpult,Monaco,Rücken,Architekt,Iron Man,,versagen,Gefrierschrank,rückgängig,Kathedrale,Salzwasser,positiv
Hühnchen,Grillen,Musik,Moskau,Rückgrat,Autor,Jackie Chan,,wackeln,Glas,Rune,Kolosseum,Schlucht,rutschig
Hummer,Gurke,Notenschlüssel,New York,Schädel,Befehlshaber,James Bond,,wiederholen,Grill,Säule,Laboratorium,Schneeflocke,schwach
Hund,Hackbraten,Oboe,Österreich,Schnurrbart,Berühmtheit,Jay Z,,zeigen,Kessel,Sieg,Studio,See,schwanger
Igel,Hähnchen,Querflöte,Schweden,Schoß,Bestatter,Jesus,,zerreißen,Krug,Vorstellungskraft,Tierhandlung,Stein,stark
Käfer,Hamburger,Tonleiter,Schweiz,Schulter,Bibliothekar,Jimmy Neutron,,zertrümmern,Küchentuch,Abonnement,Villa,Strand,tot
Kakerlake,Haselnuss,Triangel,Tschechien,Schweiß,Bogenschütze,John Cena,,zusammenbrechen,Kühlschrank,Altweibersommer,Waschstraße,Sturm,tropisch
Kätzchen,Honig,Gong,Türkei,Skelett,Busfahrer,Johnny Bravo,,abheben,Löffel,Anhängerkupplung,Schienen,Sumpf,unsichtbar
Katze,Hotdog,Klaviersaite,Bayern,Speichel,Chef,Katy Perry,,aufwachen,Messer,Armleuchter,Briefkasten,Tal,untergewichtig
Kiwi,Hühnchen,Verstärker,Horizont,Stirn,Chirurg,Kim Jong-Un,,aufwerten,Mixer,Arztkoffer,Brücke,Teich,verrückt
Koala,Hummer,Broadway,Skyline,Taille,Clown,Kim Kardashian,,ausruhen,Ofen,Aussichtspunkt,Bürgersteig,Temperatur,westlich
Kobra,Hunger,,Big Ben,Totenkopf,Detektiv,King Kong,,beten,Pfanne,,Dorf,Tornado,winzig
Kolibri,Jalapeno,,Chinesische Mauer,Träne,Elektriker,Kirby,,betrügen,Schneebesen,Baumkrone,Fahrbahn,Treibsand,genau
Koralle,Joghurt,,Eiffelturm,Vene,Filmemacher,Krümelmonster,,bleichen,Suppenkelle,Bergkette,Gasse,Tropfen,insolvent
Krabbe,Kaffee,Trommelwirbel,Freiheitsstatue,Wange,Fischer,Lady Gaga,,detonieren,Schüssel,Bernstein,Gully,Vulkan,magersüchtig
Krebs,Kakao,,London Eye,Wimper,Fitness Trainer,Leonardo da Vinci,,drehen,Schwamm,,Kanalisation,Wald,undicht
Krokodil,Karotte,Grammofon,Mont Blanc,Wirbelsäule,Florist,Leonardo DiCaprio,,einkaufen,Serviette,Biotonne,Kreuzung,Wasserfall,grün
Kröte,Kartoffel,Guiro,Mount Everest,Wunde,Fotograf,König der Löwen,,erfrieren,Silberbesteck,Blumenstrauß,Nachbarschaft,Weinrebe,geizig
Kuckuck,Käse,Koto,Mount Rushmore,Zahn,Gärtner,Luigi,,erröten,Spüllappen,Blutspende,Park,Welle,sternhagelvoll
Kugelfisch,Kastanie,Laute,Polarlicht,Zeh,Hausmeister,Mario,,fahren,Tasse,Bodybuilding,Schnellstraße,Wetter,digital
Kuh,Kaugummi,Schlägel,Schiefer Turm von Pisa,Zunge,Holzfäller,Mark Zuckerberg,,fallen,Toaster,Brennnessel,Sitzbank,Wind,antik
Lachs,Kaviar,Marimba,Schiffswrack,Akne,Ingenieur,Medusa,,feiern,Untersetzer,Bücherwurm,Spielplatz,Wolke,ausgestorben
Lama,Keks,,Suezkanal,Brusthaare,Journalist,Mel Gibson,,frei schweben,Dosenöffner,Bullauge,Straße,Wüste,frisch
Libelle,Ketchup,Juke Box,Opernhaus Sydney,Fingerspitze,Koch,Michael Jackson,,funkeln,Essstäbchen,Burgruine,Straßensperre,Zweig,hell
Löwe,Kirsche,Okarina,Tower Bridge,Haarschuppen,Komiker,Micky Maus,,gähnen,Mikrowelle,Chat,Tunnel,Apfelkern,modern
Mammut,Kiwi,Sitar,Sandbank,Hals,Küstenwache,Minion,,graben,Öl,Dachfenster,Verkehr,Bambus,atomar
Marienkäfer,Knoblauch,Tambourin,Scheibenwelt,Kehle,Lehrer,Mona Lisa,,grinsen,Pfannenwender,Düne,Ampel,Blüte,besessen
Maus,Kohlrübe,Theremin,Nessie,Kiefer,LKW-Fahrer,Morgan Freeman,,hüpfen,Strohhalm,Eierschachtel,Brunnen,Dreck,lila
Moskito,Krabbe,Stimmgabel,Äquator,Knöchel,Magier,Morty,,hypnotisieren,Teelöffel,Einbahnstraße,Bushaltestelle,Eiche,
Motte,Kruste,,Fahnenstange,Nasenbluten,Maurer,Mozart,,kauen,Tischdecke,Erdkern,Chinatown,Eisberg,struppig
Möwe,Kuchen,,Globus,Niere,Mechaniker,Mr. Bean,,keuchen,Topf,Erkältung,Friedhof,Eiszapfen,kopfüber
Mücke,Kürbis,,Grenze,Pickel,Grubenarbeiter,Mr. Meeseeks,,kitzeln,Weinglas,Eselsbrücke,Hydrant,Erdbeben,
Muschel,Lachs,,Landschaft,Sommersprossen,Milchmann,Nemo,,klettern,Zahnstocher,Eselsohr,Parkplatz,Geysir,
Nilpferd,Lakritz,,Norden,Monobraue,Modedesigner,Notch,,kochen,Tortenheber,Experiment,Pfad,Himmel,
Oktopus,Lebensmittel,,Untergrund,Warze,Narr,Obelix,,kriechen,Saftpresse,Fächer,Rampe,Kiefer,
Otter,Limette,,Welt,Waschbrettbauch,Navy,Olaf,,laden,Wäschespinne,Fata Morgana,Schacht,Kirschblüte,
Panda,Limonade,,Flagge,Backenzahn,Ninja,Pac-Man,,massieren,Flaschenöffner,Feierabend,Stacheldraht,Korallenriff,
Papagei,Löffel,,Geografie,Blutspende,Personenschützer,Patrick Star,,nähen,Badewanne,Felsen,Statue,Lilie,
Pegasus,Lutscher,,Karte,Bodybuilding,Polizist,Peppa Pig,,pieksen,Bürste,Fensterbank,Stoppschild,Matsch,
Pelikan,Mahlzeit,,Kompass,Darm,Priester,Phineas und Ferb,,predigen,Creme,,Allee,Orchidee,
Pferd,Mais,,Kontinent,Desoxyribonukleinsäure,Programmierer,Picasso,,prokrastinieren,Dusche,Fingerhut,Ampelmännchen,Palme,
Pinguin,Makkaroni,,Osten,Fuß,Regisseur,Pikachu,,provozieren,Haarspray,Fingerpuppe,Zebrastreifen,Samen,
Pudel,Mandarine,,Süden,Gebiss,Rezeptionist,Pinocchio,,riechen,Handtuch,Flaschenpost,Busbahnhof,Sand,
Puma,Mandel,,Westen,Muskelkater,Rockstar,Pluto,,ringen,Rasierer,Flohmarkt,Kontrollturm,Sandsturm,
Qualle,Marshmallow,,Algerien,Muttermal,Scharfschütze,Popeye,,rollen,Seife,Glücksrad,Müllkippe,Schilf,
Raupe,Mayonnaise,,Barcelona,,Schiedsrichter,Schweinchen Dick,,rülpsen,Shampoo,Glücksspiel,Riesenrad,Schnee,
Rentier,Melone,,Berliner Mauer,Arterie,Schlachter,Poseidon,,sabbern,Stöpsel,Gymnastik,Tankstelle,Schneesturm,
Robbe,Messer,,Großbritannien,Körperteil,Schmied,Pumba,,salto schlagen,Toilette,Haarfarbe,Gewächshaus,Seetang,
Rotkehlchen,Milch,,Chile,Augenlid,Sicherheitsdienst,Rick,,schauen,Waschbecken,Halskrause,Fitnesscenter,Sonnenblume,
Schaf,Mineralwasser,,Kolumbien,Faust,Soldat,Freddie Faulig,,schlagen,Wasserhahn,Haltestelle,Geisterbahn,Spore,
Schlange,Möhre,,Totes Meer,,Stewardess,Robin Hood,,schmelzen,Windel,Hampelmann,Wildwasserbahn,Tannenzapfen,
Schmetterling,Muffin,,,Leber,Taxifahrer,Scooby Doo,,schneiden,Zahnbürste,Hängebrücke,Burggraben,Tau,
Schnabeltier,Nachtisch,,Osterinseln,Ringfinger,Tierarzt,Sherlock Holmes,,schweben,Zahnpasta,Hausnummer,Telefonzelle,Weide,
Schnecke,Nahrung,,Ärmelkanal,,Wissenschaftler,Shrek,,sitzen,Deodorant,Heizungskessel,,Wurzel,
Schwein,Nuss,,,,Wrestler,Skrillex,,spucken,Kamm,Himmelbett,Kraftwerk,Umweltverschmutzung,
Schwertfisch,Oktopus,,Grand Canyon,,Zimmermann,Sonic,,spülen,Rasierschaum,Indianer,Hochspannungsmast,Aussichtspunkt,
Seehund,Omelett,,Great Barrier Reef,,Artist,Spartacus,,stechen,Fön,Kaltwachsstreifen,Altersheim,Baumkrone,
Seekuh,Orange,,Grönland,,Bäcker,Spiderman,,sterben,Abflussrohr,Katamaran,Bremsschwelle,Bergkette,
Seepferdchen,Papaya,,Ungarn,,Bauarbeiter,Spongebob,,stoßen,Bademantel,Kennzeichen,Stall,Bernstein,
Seestern,Paprika,,Indonesien,,Bildhauer,Thaddäus Tentakel,,studieren,Pinzette,Kinderwagen,Straßenlaterne,Brennnessel,
Spinne,Pasta,,Iran,,Boxer,Steve Jobs,,tippen,Klobrille,Lebkuchenhaus,Tipi,Düne,
Spitzmaus,Pastete,,Loch Ness,,Darsteller,Superman,,übersetzen,Abzug,Lederhose,Bahnhof,Felsen,
Stachelrochen,Peperoni,,Louvre,,Dompteur,Susan Wojcicki,,überwintern,Bajonett,Leiterwagen,Strommast,Fliegenpilz,
Stinktier,Pfanne,,Machu-Picchu,,Gebrauchtwagenhändler,Tarzan,,verdampfen,Bogen,Leuchtreklame,Wachturm,Geröll,
Storch,Pfeffer,,Marokko,,Geologe,Terminator,,vergrößern,Bombe,links,Wasserturm,Gipfelkreuz,
Thunfisch,Pfirsich,,Fujiyama,,Kameramann,The Rock,,verschwinden,Dolch,Looping,Wunschbrunnen,Hagel,
Tiger,Pflaume,,Nepal,,Maler,Thor,,verteidigen,Dynamit,Luftmatratze,,Harz,
Truthahn,Pilz,,Nordpol,,Meteorologe,Tweety,,vorspulen,Flammenwerfer,Maibaum,,Holz,
Tukan,Pizza,,Notre-Dame,,Müllabfuhr,Usain Bolt,,wählen,Granate,Malkasten,,Kondenswasser,
Tyrannosaurus Rex,Plätzchen,,Pakistan,,Müller,Vault boy,,zerren,Harpune,Mitfahrgelegenheit,,Laubhaufen,
Velociraptor,Popcorn,,Peru,,Pfadfinder,Vin Diesel,,zoomen,Kanone,Muskelkater,,Liane,
Vogel,Pudding,,Philippinen,,Schornsteinfeger,Wall-e,,zupfen,Muskete,Nordpol,,Meerenge,
Wal,Radieschen,,Polen,,Schriftsteller,William Shakespeare,,zurückspulen,Patrone,Operation,,Oase,
Walross,Rettich,,Pompeji,,Seiltänzer,William Wallace,,anzünden,Patronenhülse,Paparazzi,,Photosynthese,
Wanze,Rindfleisch,,Serbien,,Versicherungskaufmann,Pu der Bär,,backen,Pfeil,Parkuhr,,Polarlicht,
Waschbär,Rosine,,Slowakei,,Vulkanologe,Wolverine,,bauchpinseln,Pistole,Partnerlook,,Seerose,
Wasserschildkröte,Rote Beete,,Somalia,,Windsurfer,Wonder Woman,,befehlen,Schlacht,Pech,,Sonnenfinsternis,
Wildschwein,Rübe,,Südkorea,,Winzer,Yoda,,begrüßen,Schrotflinte,Poker,,Vogelbeere,
Wolf,Sahne,,Stonehenge,,Zirkusdirektor,Yoshi,,beizen,Schwert,Quelle,,Vogelhaus,
Wurm,Salat,,,,Psychologe,Zeus,,besuchen,Speer,Radioaktivität,,Wetterfrosch,
Zebra,Salz,,Taj Mahal,,Zoowärter,Zorro,,differenzieren,Spieß,Rasiermesser,,Wettervorhersage,
Albatros,Sandwich,,Thailand,,Eisverkäufer,Bomberman,,epilieren,Taser,Räucherstäbchen,,Wildnis,
Ameisenbär,Schimmel,,Tibet,,älter,Creeper,,erbrechen,Armbrust,rechts,,Venusfliegenfalle,
Anglerfisch,Schinken,,,,Anführer,Osterhase,,erinnern,Atombombe,Reißverschlussverfahren,,Ufer,
Antilope,Schokolade,,Uganda,,Baby,Family Guy,,ernten,Bumerang,Rettungsring,,Windsack,
Bock,Soße,,Ukraine,,Bauer,Grinch,,erzählen,Falle,Roller,,Baumstumpf,
Bulle,Speck,,Uluru,,Braut,Harry Potter,,falten,Gehirnwäsche,Rollladen,,Grotte,
Chamäleon,Spinat,,,,Bräutigam,Iron Giant,,fernsehen,Gewalt,Rolltreppe,,Staudamm,
Chihuahua,Stangenbrot,,Vietnam,,brünett,Kermit,,föhnen,Guillotine,Rückspiegel,,Zypresse,
Chinchilla,Suppe,,Wales,,Champion,Tails,,gehorchen,Katana,Sattelschlepper,,Lavendel,
Clownfisch,Sushi,,Weißes Haus,,Cousin,Teletubby,,googeln,Katapult,Schaukelpferd,,Strudel,
Dachs,Tablett,,Zimbabwe,,Cowboy,Zahnfee,,jagen,Panzerfaust,Schaukelstuhl,,Lawine,
Dalmatiner,Tee,,,,Dieb,Bob Ross,,kiffen,Rakete,Schnuller,,Bonsai,
Einhornwal,Teekanne,,,,Ehefrau,Boris Becker,,kratzen,Revolver,Schottenrock,,,
Eisbär,Teig,,,,Ehemann,John Lennon,,lernen,Sichel,Schranke,,,
Floh,Teller,,,,Einsiedler,Lisa Simpson,,melken,Torpedo,Sicherung,,Flut,
Gepard,Thunfisch,,,,Erwachsener,Marge Simpson,,rasieren,Waffe,Sonnenbad,,Getreide,
Glühwürmchen,Tiramisu,,,,Inuit,Odysseus,,rauchen,Säbel,Sprungturm,,Hecke,
Hahn,Toast,,,,Familie,Oscar,,rechnen,Degen,Staffelei,,,
Hyäne,Tomate,,,,geduldig,Rapunzel,,reparieren,Lanze,Strandkorb,,Ahorn,
Jaguar,Torte,,,,Gewinner,Simon and Garfunkel,,saufen,Axt,Straßenbahn,,Wiese,
Kamel,Trauben,,,,Hippie,Snoopy,,schenken,Besen,Strumpfhose,,,
Kanarienvogel,Truthahn,,,,Junge,Miss Piggy,,schielen,Besenstiel,Stubenhocker,,,
Känguru,Vanille,,,,Kind,Stephen Hawking,,schminken,Brecheisen,Stuhlbein,,Obstgarten,
Kaulquappe,Vitamin,,,,Kunde,Aquaman,,schnorcheln,Fackel,Südpol,,Kieselstein,
Killerwal,Wodka,,,,Mädchen,Athene,,schreiben,Fernglas,Süßholz raspeln,,Pflanze,
Kojote,Waffel,,,,Mörder,Bigfoot,,schwimmen,Filter,Tandem,,Pollen,
Krähe,Walnuss,,,,Mutter,,,spannen,Haken,Tauchgang,,,
Krake,Wein,,,,Nerd,Buddha,,spielen,Hammer,Teelicht,,Savanne,
Lamm,Weintrauben,,,,Onkel,Aschenputtel,,stricken,Kette,Telefonbuch,,Knospe,
Lemur,Wurst,,,,Person,Darth Vader,,tauchen,Kettensäge,Tortenheber,,Stock,
Luchs,Zitrone,,,,Pirat,Donkey Kong,,umkehren,Köder,toter Winkel,,,
Maki,Zucker,,,,Profi,,,vergessen,Korkenzieher,Trampolin,,Dorn,
Maulwurf,Zuckerguss,,,,Punker,Ed Sheeran,,versöhnen,Leiter,Triebwerk,,Baumstamm,
Meerschweinchen,Zwiebel,,,,Räuber,Godzilla,,wachsen,Lupe,Tunnelblick,,Tsunami,
Murmeltier,Apfelkuchen,,,,Rentner,Goldlöckchen,,weinen,Maßstab,Turmalin,,Tumbleweed,
Narwal,Aubergine,,,,Scherzkeks,Sensenmann,,zelten,Mistgabel,Türstopper,,Tundra,
Nashorn,Baklava,,,,Skateboardfahrer,Hades,,mobben,Mopp,Universität,,,
Orang-Utan,Birne,,,,Spieler,Hermes,,brennen,Nadel,Veganer,,Einöde,
Orca,Brombeere,,,,Student,Isaac Newton,,fangen,Nagel,Verkehrskontrolle,,Weizen,
Panther,Brownie,,,,Tochter,Jedi,,klicken,Nussknacker,Verlies,,,
Papageientaucher,Burrito,,,,Vater,Knuckles,,,Peitsche,Versicherung,,,
Pavian,Champagner,,,,Vegetarier,Loki,,,Pfeife,Versteck,,,
Pfau,Croissant,,,,Verlierer,Moby Dick,,,Rasensprenger,Wanderstock,,,
Pony,Curry,,,,Anfänger,Napoleon,,,Rechen,Warnweste,,,
Ratte,Döner,,,,Anhalter,Der gestiefelte Kater,,treiben,Saugglocke,Waschlappen,,,
Reptil,Doritos,,,,Aristokrat,,,ertrinken,Schaufel,Wasserfarbkasten,,,
Rochen,Eis am Stiel,,,,Barbar,Romeo und Julia,,braten,Schlauch,Wasserpfeife,,,
Schimpanse,Erbsen,,,,Bösewicht,Schneewittchen,,,Schraubenschlüssel,Wattestäbchen,,,
Schwan,Espresso,,,,Diva,,,schlüpfen,Schubkarre,Wecker,,,
Seelöwe,Fastfood,,,,Drillinge,Stitch,,,Spitzhacke,Widerstand,,,
Seewolf,Frucht,,,,Eltern,,,heulen,Spule,Wildwasserbahn,,,
Specht,Gelee,,,,Gangster,Totoro,,,Taschenlampe,Wort,,,
Stachelschwein,Gewürz,,,,Gentleman,Van Gogh,,treten,Vakuum,Wunschliste,,,
Stegosaurus,Götterspeise,,,,Gladiator,,,,Vorschlaghammer,Zahnlücke,,,
Strauß,Gummibärchen,,,,Großmutter,,,marschieren,Amboss,Zahnseide,,,
Taube,Gummiwürmchen,,,,Hacker,,,beschützen,Bärenfalle,Zahnstein,,,
Tausendfüßer,Happy Meal,,,,Höhlenmensch,,,boxen,Feuerzeug,Zimmerpflanze,,,
Tintenfisch,Heiße Schokolade,,,,Lady,,,drücken,Korken,Zirkel,,,
Vogelspinne,Himbeere,,,,Meister,,,,Lasso,Zugbrücke,,,
Vogelstrauß,Junk Food,,,,Mönch,,,scrollen,Laterne,Zündschnur,,,
Wellensittich,Käsekuchen,,,,Nachbar,,,schießen,Nagelfeile,Zwillinge,,,
Wespe,Kaugummikugel,,,,Nonne,,,,Panzerband,High Five,,,
Widder,Kebab,,,,Opfer,,,schlafwandeln,Presslufthammer,Leichtsinn,,,
Wiesel,Keksdose,,,,Patenonkel,,,verschütten,Schraube,Fussel,,,
Ziege,Kokosnuss,,,,Patriot,,,,Segelflieger,Kurzschluss,,,
Zikade,Lasagne,,,,Reisender,,,waschen,Spaten,Nichtschwimmer,,,
Amsel,Maisfeld,,,,Sohn,,,winken,Trittstufe,Knallfrosch,,,
Bienenkönigin,Margarine,,,,Tourist,,,zwinkern,Feldstecher,Dachschaden,,,
Eber,Marmelade,,,,Überlebender,,,wünschen,Fischernetz,Filmriss,,,
Elster,Meeresfrüchte,,,,Verbrecher,,,,Säge,Zeitlupe,,,
Ferkel,Milchshake,,,,Vlogger,,,,Schleifpapier,Schreibschrift,,,
Feuersalamander,Minze,,,,Youtuber,,,,Blasebalg,Seifenblase,,,
Hammerhai,Nachos,,,,Zeuge,,,,Skalpell,Seifenoper,,,
Hängebauchschwein,Nudel,,,,Schaumschläger,,,,Bleistift,Purzelbaum,,,
Kopflaus,Oreo,,,,Giftzwerg,,,,Buntstift,Traumfänger,,,
Kreuzotter,Pfannkuchen,,,,Alchemist,,,,Farbe,Tabak,,,
Maikäfer,Pfeffersalami,,,,Motorradfahrer,,,,Farbpalette,Asche,,,
Osterhase,Pistazie,,,,,,,,Glitzer,Benzin,,,
Sau,Pringles,,,,,,,,Klebeband,Explosion,,,
Seegurke,Ravioli,,,,,,,,Klebestift,Funke,,,
Seeigel,Reis,,,,Komponist,,,,Kreide,Glut,,,
Skorpion,Saft,,,,Dirigent,,,,Lineal,Hitze,,,
Würfelqualle,scharfe Soße,,,,Henker,,,,Papier,Kerze,,,
Dikdik,Senf,,,,Entdecker,,,,Pinsel,Kohle,,,
Reh,Skittles,,,,Freund,,,,Radiergummi,Lagerfeuer,,,
Zecke,Spaghetti,,,,Genie,,,,Schere,Rauch,,,
Zitteraal,Sternfrucht,,,,Großvater,,,,Stecknadel,Lava,,,
Kegelrobbe,Taco,,,,,,,,Stempel,Magma,,,
Tasmanischer Teufel,Zuckerwatte,,,,Hipster,,,,Tacker,Streichholz,,,
Schwalbe,Bandnudel,,,,,,,,Kleber,Streichholzschachtel,,,
Gazelle,Baumkuchen,,,,Pharao,,,,Federmäppchen,Waldbrand,,,
Axolotl,Bienenstich,,,,Philosoph,,,,Schreibfeder,Feueralarm,,,
Brieftaube,Bonbon,,,,,,,,Spitzer,Allergie,,,
Bison,Brathering,,,,,,,,Karteikasten,Bluterguss,,,
Brachiosaurus,Champagnersorbet,,,,Rektor,,,,Brieföffner,Einschränkung,,,
Büffel,Chips,,,,Gefangener,,,,Tintenpatrone,Gesundheit,,,
Corgi,Corn Flakes,,,,Reporter,,,,Box,Gips,,,
Kranich,Dattel,,,,Samurai,,,,Fass,Schock,,,
Ameisenigel,Eistee,,,,Hirte,,,,Flasche,Sonnenbrand,,,
,Entensuppe,,,,Sheriff,,,,Geldbeutel,Sturz,,,
Frettchen,Fischgräte,,,,Shogun,,,,Gepäck,Taschentuch,,,
Leopard,Flammkuchen,,,,Schlangenbeschwörer,,,,Kanister,Verband,,,
Ozelot,Frühlingsrolle,,,,Schwimmer,,,,Kiste,Virus,,,
Plankton,Gourmet,,,,Kleinkind,,,,Koffer,Wunde,,,
Pterodactylus,Granatapfel,,,,Zwillinge,,,,Korb,blind,,,
Mops,Kartoffelbrei,,,,Krieger,,,,Rucksack,Diät,,,
Welpe,Laktoseintoleranz,,,,,,,,Safe,Erfrierung,,,
Klapperschlange,Lebkuchen,,,,,,,,Tiegel,farbenblind,,,
,Litschi,,,,,,,,Tank,Grippe,,,
,Lorbeeren,,,,,,,,Tasche,Injektion,,,
Schäferhund,Olivenöl,,,,,,,,Truhe,Kopfschmerzen,,,
Triceratops,Pinienkerne,,,,,,,,Werkzeugkasten,Krankheit,,,
,Ratatouille,,,,,,,,Dose,Medizin,,,
,Röstaroma,,,,,,,,Eimer,Pflaster,,,
,Rührei,,,,,,,,Einkaufswagen,Tablette,,,
,Salami,,,,,,,,Fässchen,Röntgenstrahlung,,,
,Schlagsahne,,,,,,,,Käfig,Rückenschmerzen,,,
,Spaghettieis,,,,,,,,Mülleimer,Seuche,,,
,Spargel,,,,,,,,Papiertüte,taub,,,
,Spiegelei,,,,,,,,Schuhkarton,Tumor,,,
,Traubensaft,,,,,,,,Sechserpack,Bandscheibenvorfall,,,
,Trüffel,,,,,,,,Tresorraum,Kernspintomografie,,,
,Vollkornbrot,,,,,,,,Tupperdose,Spritze,,,
,Weizen,,,,,,,,Tetra Pak,Glück,,,
,Zucchini,,,,,,,,Keksdose,Gott,,,
,Zuckerstange,,,,,,,,Köcher,Hölle,,,
,Windbeutel,,,,,,,,Altglascontainer,Schicksal,,,
,Eintopf,,,,,,,,Buch,Anubis,,,
,Olive,,,,,,,,Fotograf,Dämon,,,
,Eiskaffee,,,,,,,,Graffiti,Engel,,,
,Physalis,,,,,,,,Katalog,,,,
,Donut,,,,,,,,Konversation,Heiligenschein,,,
,Erdnuss-flips,,,,,,,,Lesezeichen,Idee,,,
,Kartoffelpuffer,,,,,,,,Magazin,Kommunismus,,,
,Basilikum,,,,,,,,Pappe,Religion,,,
,Kohl,,,,,,,,Portrait,Totem,,,
,Calamari,,,,,,,,Rahmen,Yin Yang,,,
,Süßigkeiten,,,,,,,,Seite,Spaghettimonster,,,
,,,,,,,,,Skulptur,Beziehung,,,
,Karamel,,,,,,,,Überschrift,Durst,,,
,Auflaufform,,,,,,,,Zeitung,Gier,,,
,Sellerie,,,,,,,,Bibel,glücklich,,,
,Cerealien,,,,,,,,Comicbuch,Hunger,,,
,,,,,,,,,Drama,Lächeln,,,
,,,,,,,,,Gekritzel,Liebe,,,
,,,,,,,,,Jahrbuch,mürrisch,,,
,Plunder,,,,,,,,Komödie,Schmerz,,,
,Dill,,,,,,,,Notizbuch,Traum,,,
,,,,,,,,,Origami,traurig,,,
,Knödel,,,,,,,,Poster,behindert,,,
,Eclair,,,,,,,,Punkte,depressiv,,,
,Falafel,,,,,,,,Roman,gebrochenes Herz,,,
,Fettuccine,,,,,,,,Sprache,gelangweilt,,,
,,,,,,,,,Sprühfarbe,gestresst,,,
,Mittagessen,,,,,,,,Text,Grinsen,,,
,Eischnee,,,,,,,,Unterschrift,krank,,,
,,,,,,,,,Wörterbuch,Leidenschaft,,,
,Petersilie,,,,,,,,Comic,müde,,,
,Erdnussbutter,,,,,,,,Lexikon,Scheidung,,,
,Penne,,,,,,,,Mosaik,Schlafstörung,,,
,,,,,,,,,Badekappe,schüchtern,,,
,Punsch,,,,,,,,Bügeleisen,seekrank,,,
,,,,,,,,,Kronkorken,verletzt,,,
,Snack,,,,,,,,Kronleuchter,verwirrt,,,
,Süßkartoffel,,,,,,,,Kuckucksuhr,wütend,,,
,Wassermelone,,,,,,,,Lampenschirm,zusammenzucken,,,
,,,,,,,,,Laubsäge,Hochzeitskutsche,,,
,,,,,,,,,Gießkanne,Ohrwurm,,,
,,,,,,,,,Textmarker,Ballon,,,
,,,,,,,,,Sicherheitsnadel,Beerdigung,,,
,,,,,,,,,Schlittschuh,Böller,,,
,,,,,,,,,Schlüsselbund,Fahrkarte,,,
,,,,,,,,,Schnorchel,Ferien,,,
,,,,,,,,,Nadelkissen,Festival,,,
,,,,,,,,,Nagelschere,Feuerwerk,,,
,,,,,,,,,Locher,Geburtstag,,,
,,,,,,,,,Kerzenleuchter,Hochzeit,,,
,,,,,,,,,Haarspange,Konzert,,,
,,,,,,,,,Eierbecher,Kranz,,,
,,,,,,,,,Büroklammer,Leuchtstab,,,
,,,,,,,,,Hupe,Lotterie,,,
,,,,,,,,,Banner,Markt,,,
,,,,,,,,,Baseball,Ostern,,,
,,,,,,,,,Lötlampe,Party,,,
,,,,,,,,,Brettspiel,Picknick,,,
,,,,,,,,,Stoßdämpfer,Trophäe,,,
,,,,,,,,,Visitenkarte,Wahl,,,
,,,,,,,,,Taschenrechner,Zirkus,,,
,,,,,,,,,Kapsel,Abschluss,,,
,,,,,,,,,,Black Friday,,,
,,,,,,,,,Zigarre,Bühne,,,
,,,,,,,,,Klemmbrett,Duell,,,
,,,,,,,,,Waschmittel,Faustkampf,,,
,,,,,,,,,Bohrer,feiern,,,
,,,,,,,,,Führerschein,Geschenk,,,
,,,,,,,,,Hantel,Gesichtsbemalung,,,
,,,,,,,,,Feuerlöscher,Karaoke,,,
,,,,,,,,,,Karneval,,,
,,,,,,,,,,Kissenschlacht,,,
,,,,,,,,,,Kürbislaterne,,,
,,,,,,,,,Frisbee,NASCAR,,,
,,,,,,,,,Gewehr,Parade,,,
,,,,,,,,,,Protest,,,
,,,,,,,,,Taschentuch,Publikum,,,
,,,,,,,,,Highlighter,Sonnenfinsternis,,,
,,,,,,,,,Hufeisen,Talentshow,,,
,,,,,,,,,Tinte,Titanic,,,
,,,,,,,,,,Urlaub,,,
,,,,,,,,,,Verpackung,,,
,,,,,,,,,Laubbläser,Vollmond,,,
,,,,,,,,,,Weihnachten,,,
,,,,,,,,,Keule,,,,
,,,,,,,,,Machete,Achterbahn,,,
,,,,,,,,,Medaille,Freibad,,,
,,,,,,,,,Speisekarte,Karussell,,,
,,,,,,,,,Mauspad,Kettenkarussell,,,
,,,,,,,,,Halsband,Riesenrad,,,
,,,,,,,,,,Silvester,,,
,,,,,,,,,Topflappen,Skilift,,,
,,,,,,,,,Schnuller,Tannenbaum,,,
,,,,,,,,,Farbroller,Weihnachtsbaum,,,
,,,,,,,,,,Christbaumkugel,,,
,,,,,,,,,Stift,Weihnachtsmann,,,
,,,,,,,,,Kartenspiel,Stau,,,
,,,,,,,,,Geodreieck,Manege,,,
,,,,,,,,,,Oktoberfest,,,
,,,,,,,,,,Konfetti,,,
,,,,,,,,,Seil,Abend,,,
,,,,,,,,,Gummiband,Frühling,,,
,,,,,,,,,Zauberwürfel,Herbst,,,
,,,,,,,,,,Jahreszeit,,,
,,,,,,,,,Waage,Kalender,,,
,,,,,,,,,,Minute,,,
,,,,,,,,,Krummsäbel,Mitternacht,,,
,,,,,,,,,Schraubendreher,Montag,,,
,,,,,,,,,Schriftrolle,Morgen,,,
,,,,,,,,,Schild,Schlafenszeit,,,
,,,,,,,,,Schnapsglas,Sommer,,,
,,,,,,,,,Smartphone,Sonnenaufgang,,,
,,,,,,,,,Schneekugel,Steinzeit,,,
,,,,,,,,,Stab,Uhr,,,
,,,,,,,,,,Armbanduhr,,,
,,,,,,,,,Stoppuhr,Nacht,,,
,,,,,,,,,Maßband,Sanduhr,,,
,,,,,,,,,Toilettenpapier,Sekunde,,,
,,,,,,,,,Kofferraum,Tag,,,
,,,,,,,,,Kanzel,Winter,,,
,,,,,,,,,Schreibmaschine,Dienstag,,,
,,,,,,,,,,Mittwoch,,,
,,,,,,,,,Kühlmaschine,Donnerstag,,,
,,,,,,,,,,Freitag,,,
,,,,,,,,,Garn,Samstag,,,
,,,,,,,,,,Sonntag,,,
,,,,,,,,,,Atomuhr,,,
,,,,,,,,,,Baumwolle,,,
,,,,,,,,,,Bronze,,,
,,,,,,,,,,Diamant,,,
,,,,,,,,,,Eis,,,
,,,,,,,,,,Eisen,,,
,,,,,,,,,,Glas,,,
,,,,,,,,,,Gold,,,
,,,,,,,,,,Gummi,,,
,,,,,,,,,,Kabel,,,
,,,,,,,,,,Kristall,,,
,,,,,,,,,,Kupfer,,,
,,,,,,,,,,Leder,,,
,,,,,,,,,,Nickel,,,
,,,,,,,,,,Rubin,,,
,,,,,,,,,,Schleim,,,
,,,,,,,,,,Schotter,,,
,,,,,,,,,,Silber,,,
,,,,,,,,,,Stoff,,,
,,,,,,,,,,Wachs,,,
,,,,,,,,,,Wolle,,,
,,,,,,,,,,Zement,,,
,,,,,,,,,,Ziegelstein,,,
,,,,,,,,,,Edelstein,,,
,,,,,,,,,,Lehm,,,
,,,,,,,,,,Metall,,,
,,,,,,,,,,Smaragd,,,
,,,,,,,,,,Stein,,,
,,,,,,,,,,Airbag,,,
,,,,,,,,,,Anhänger,,,
,,,,,,,,,,Armaturenbrett,,,
,,,,,,,,,,Aufzug,,,
,,,,,,,,,,Bob,,,
,,,,,,,,,,Boot,,,
,,,,,,,,,,Bus,,,
,,,,,,,,,,Fahrrad,,,
,,,,,,,,,,Floß,,,
,,,,,,,,,,Flugzeug,,,
,,,,,,,,,,Heckspoiler,,,
,,,,,,,,,,Helikopter,,,
,,,,,,,,,,Jacht,,,
,,,,,,,,,,Kleinbus,,,
,,,,,,,,,,Krankenwagen,,,
,,,,,,,,,,Kreuzfahrt,,,
,,,,,,,,,,LKW,,,
,,,,,,,,,,Luftschiff,,,
,,,,,,,,,,Motor,,,
,,,,,,,,,,Motorrad,,,
,,,,,,,,,,Pedal,,,
,,,,,,,,,,Pflug,,,
,,,,,,,,,,Rad,,,
,,,,,,,,,,Rasenmäher,,,
,,,,,,,,,,Reifen,,,
,,,,,,,,,,Ruder,,,
,,,,,,,,,,Sattel,,,
,,,,,,,,,,Schlitten,,,
,,,,,,,,,,Segelboot,,,
,,,,,,,,,,Skateboard,,,
,,,,,,,,,,Ski,,,
,,,,,,,,,,Snowboard,,,
,,,,,,,,,,Sonnenschirm,,,
,,,,,,,,,,Stoßstange,,,
,,,,,,,,,,Surfbrett,,,
,,,,,,,,,,Tank,,,
,,,,,,,,,,Taxi,,,
,,,,,,,,,,U-Bahn,,,
,,,,,,,,,,Windschutzscheibe,,,
,,,,,,,,,,Zug,,,
,,,,,,,,,,Abschleppwagen,,,
,,,,,,,,,,Anker,,,
,,,,,,,,,,Sicherheitsgurt,,,
,,,,,,,,,,Bagger,,,
,,,,,,,,,,Bulldozer,,,
,,,,,,,,,,Dreirad,,,
,,,,,,,,,,Einrad,,,
,,,,,,,,,,Elektroauto,,,
,,,,,,,,,,Ferrari,,,
,,,,,,,,,,Feuerwehrauto,,,
,,,,,,,,,,Golfwagen,,,
,,,,,,,,,,Inlineskates,,,
,,,,,,,,,,Jeep,,,
,,,,,,,,,,Jetski,,,
,,,,,,,,,,Kriegsschiff,,,
,,,,,,,,,,Limousine,,,
,,,,,,,,,,Lüfter,,,
,,,,,,,,,,Luftkissenboot,,,
,,,,,,,,,,Piratenschiff,,,
,,,,,,,,,,Periskop,,,
,,,,,,,,,,Rennauto,,,
,,,,,,,,,,Segway,,,
,,,,,,,,,,Traktor,,,
,,,,,,,,,,U-Boot,,,
,,,,,,,,,,Zeppelin,,,
,,,,,,,,,,Autoradio,,,
,,,,,,,,,,Cockpit,,,
,,,,,,,,,,Fahrwerk,,,
,,,,,,,,,,Schaltknüppel,,,
,,,,,,,,,,Scheibenwischer,,,
,,,,,,,,,,Schiffstaufe,,,
,,,,,,,,,,Gepäckträger,,,
,,,,,,,,,,Auspuff,,,
,,,,,,,,,,Mähdrescher,,,
,,,,,,,,,,Tragfläche,,,
,,,,,,,,,,Addition,,,
,,,,,,,,,,Diagonale,,,
,,,,,,,,,,Distanz,,,
,,,,,,,,,,doppelt,,,
,,,,,,,,,,Dreieck,,,
,,,,,,,,,,Ecke,,,
,,,,,,,,,,Gleichgewicht,,,
,,,,,,,,,,Hälfte,,,
,,,,,,,,,,Herz,,,
,,,,,,,,,,Kegel,,,
,,,,,,,,,,Kreis,,,
,,,,,,,,,,Linie,,,
,,,,,,,,,,Oberfläche,,,
,,,,,,,,,,Oval,,,
,,,,,,,,,,Punkt,,,
,,,,,,,,,,Quadrat,,,
,,,,,,,,,,Rechteck,,,
,,,,,,,,,,Steigung,,,
,,,,,,,,,,unendlich,,,
,,,,,,,,,,asymmetrisch,,,
,,,,,,,,,,Bogen,,,
,,,,,,,,,,Form,,,
,,,,,,,,,,Gitter,,,
,,,,,,,,,,Halbkreis,,,
,,,,,,,,,,Sechseck,,,
,,,,,,,,,,Achteck,,,
,,,,,,,,,,Prisma,,,
,,,,,,,,,,Pyramide,,,
,,,,,,,,,,Spirale,,,
,,,,,,,,,,vertikal,,,
,,,,,,,,,,Viertel,,,
,,,,,,,,,,Würfel,,,
,,,,,,,,,,Zickzack,,,
,,,,,,,,,,parallel,,,
,,,,,,,,,,Pi,,,
,,,,,,,,,,Angebot,,,
,,,,,,,,,,Bargeld,,,
,,,,,,,,,,Demonstration,,,
,,,,,,,,,,Diagramm,,,
,,,,,,,,,,Dollar,,,
,,,,,,,,,,Drucker,,,
,,,,,,,,,,Einzelhandel,,,
,,,,,,,,,,Geld,,,
,,,,,,,,,,Groschen,,,
,,,,,,,,,,Kredit,,,
,,,,,,,,,,Lieferung,,,
,,,,,,,,,,Logo,,,
,,,,,,,,,,Marke,,,
,,,,,,,,,,Münze,,,
,,,,,,,,,,Nachricht,,,
,,,,,,,,,,Notizblock,,,
,,,,,,,,,,Ordner,,,
,,,,,,,,,,Pfund,,,
,,,,,,,,,,Postkarte,,,
,,,,,,,,,,Rechnung,,,
,,,,,,,,,,Werbespot,,,
,,,,,,,,,,Werbung,,,
,,,,,,,,,,Wohlstand,,,
,,,,,,,,,,Barcode,,,
,,,,,,,,,,Beförderung,,,
,,,,,,,,,,ClickBait,,,
,,,,,,,,,,Grafik,,,
,,,,,,,,,,Handschlag,,,
,,,,,,,,,,Interview,,,
,,,,,,,,,,Kreditkarte,,,
,,,,,,,,,,Preisschild,,,
,,,,,,,,,,Quartal,,,
,,,,,,,,,,Euro,,,
,,,,,,,,,,Kredithai,,,
,,,,,,,,,,Schleichwerbung,,,
,,,,,,,,,,Biologie,,,
,,,,,,,,,,chemisch,,,
,,,,,,,,,,elektrisch,,,
,,,,,,,,,,flüssig,,,
,,,,,,,,,,Keim,,,
,,,,,,,,,,Laser,,,
,,,,,,,,,,Magnet,,,
,,,,,,,,,,Meteorit,,,
,,,,,,,,,,Mikroskop,,,
,,,,,,,,,,Mond,,,
,,,,,,,,,,Orbit,,,
,,,,,,,,,,Planet,,,
,,,,,,,,,,Rakete,,,
,,,,,,,,,,Raumschiff,,,
,,,,,,,,,,Roboter,,,
,,,,,,,,,,Satellit,,,
,,,,,,,,,,Sauerstoff,,,
,,,,,,,,,,Säure,,,
,,,,,,,,,,Schwerkraft,,,
,,,,,,,,,,Sonne,,,
,,,,,,,,,,Stern,,,
,,,,,,,,,,Teleskop,,,
,,,,,,,,,,Weltraum,,,
,,,,,,,,,,Zelle,,,
,,,,,,,,,,DNS,,,
,,,,,,,,,,Asteroid,,,
,,,,,,,,,,Atom,,,
,,,,,,,,,,Cyborg,,,
,,,,,,,,,,Dampf,,,
,,,,,,,,,,Erde,,,
,,,,,,,,,,Evolution,,,
,,,,,,,,,,Flasche,,,
,,,,,,,,,,Galaxie,,,
,,,,,,,,,,Gas,,,
,,,,,,,,,,Komet,,,
,,,,,,,,,,Mars,,,
,,,,,,,,,,Merkur,,,
,,,,,,,,,,Milchstraße,,,
,,,,,,,,,,Neptun,,,
,,,,,,,,,,Raumanzug,,,
,,,,,,,,,,Saturn,,,
,,,,,,,,,,Schwarzes Loch,,,
,,,,,,,,,,Sonnensystem,,,
,,,,,,,,,,Steinbock,,,
,,,,,,,,,,Strahlung,,,
,,,,,,,,,,Universum,,,
,,,,,,,,,,Uranus,,,
,,,,,,,,,,verdampfen,,,
,,,,,,,,,,Venus,,,
,,,,,,,,,,Wasserkreislauf,,,
,,,,,,,,,,Wirbel,,,
,,,,,,,,,,Wissenschaft,,,
,,,,,,,,,,Atmosphäre,,,
,,,,,,,,,,CO2,,,
,,,,,,,,,,Dynamo,,,
,,,,,,,,,,Elektron,,,
,,,,,,,,,,Halbleiter,,,
,,,,,,,,,,Helium,,,
,,,,,,,,,,Jupiter,,,
,,,,,,,,,,Kernkraftwerk,,,
,,,,,,,,,,Batterie,,,
,,,,,,,,,,Computer,,,
,,,,,,,,,,Fernbedienung,,,
,,,,,,,,,,Fernseher,,,
,,,,,,,,,,Film,,,
,,,,,,,,,,Handy,,,
,,,,,,,,,,Internet,,,
,,,,,,,,,,Kamera,,,
,,,,,,,,,,,,,
,,,,,,,,,,Konsole,,,
,,,,,,,,,,Lautsprecher,,,
,,,,,,,,,,Lautstärke,,,
,,,,,,,,,,Mikrofon,,,
,,,,,,,,,,Netzwerk,,,
,,,,,,,,,,Ohrhörer,,,
,,,,,,,,,,Passwort,,,
,,,,,,,,,,Radar,,,
,,,,,,,,,,Radio,,,
,,,,,,,,,,Steckdose,,,
,,,,,,,,,,Stereo,,,
,,,,,,,,,,Steuergerät,,,
,,,,,,,,,,Tablet,,,
,,,,,,,,,,Tastatur,,,
,,,,,,,,,,Telefon,,,
,,,,,,,,,,Telefonkabel,,,
,,,,,,,,,,Animation,,,
,,,,,,,,,,Anime,,,
,,,,,,,,,,Antivirus,,,
,,,,,,,,,,Benachrichtigung,,,
,,,,,,,,,,Bildschirm,,,
,,,,,,,,,,Cartoon,,,
,,,,,,,,,,Eingabestift,,,
,,,,,,,,,,Emoji,,,
,,,,,,,,,,Erfindung,,,
,,,,,,,,,,Fehler,,,
,,,,,,,,,,Diskette,,,
,,,,,,,,,,Glühbirne,,,
,,,,,,,,,,Hashtag,,,
,,,,,,,,,,iPad,,,
,,,,,,,,,,iPhone,,,
,,,,,,,,,,kabellos,,,
,,,,,,,,,,Klimaanlage,,,
,,,,,,,,,,Klingelton,,,
,,,,,,,,,,Kopfhörer,,,
,,,,,,,,,,Ladebalken,,,
,,,,,,,,,,Ladegerät,,,
,,,,,,,,,,Laptop,,,
,,,,,,,,,,Link,,,
,,,,,,,,,,Maschine,,,
,,,,,,,,,,Megafon,,,
,,,,,,,,,,Minecraft,,,
,,,,,,,,,,Motherboard,,,
,,,,,,,,,,Nähmaschine,,,
,,,,,,,,,,Playstation,,,
,,,,,,,,,,Pokemon,,,
,,,,,,,,,,Schalter,,,
,,,,,,,,,,Server,,,
,,,,,,,,,,skribbl.io,,,
,,,,,,,,,,Social Media,,,
,,,,,,,,,,Tetris,,,
,,,,,,,,,,Stativ,,,
,,,,,,,,,,USB,,,
,,,,,,,,,,Veröffentlichung,,,
,,,,,,,,,,Video,,,
,,,,,,,,,,Videospiel,,,
,,,,,,,,,,Virtual Reality,,,
,,,,,,,,,,Webseite,,,
,,,,,,,,,,W-LAN,,,
,,,,,,,,,,Xbox,,,
,,,,,,,,,,Zelda,,,
,,,,,,,,,,Fernsehturm,,,
,,,,,,,,,,Grafiktablett,,,
,,,,,,,,,,Leiterbahn,,,
,,,,,,,,,,Lichtschalter,,,
,,,,,,,,,,Litfaßsäule,,,
,,,,,,,,,,Propeller,,,
,,,,,,,,,,Ball,,,
,,,,,,,,,,Baseballschläger,,,
,,,,,,,,,,Basketball,,,
,,,,,,,,,,Bingo,,,
,,,,,,,,,,Bowling,,,
,,,,,,,,,,Darts,,,
,,,,,,,,,,Domino,,,
,,,,,,,,,,Fußball,,,
,,,,,,,,,,Golf,,,
,,,,,,,,,,Hockey,,,
,,,,,,,,,,Hüpfkästchen,,,
,,,,,,,,,,Hürdenlauf,,,
,,,,,,,,,,Jagdziel,,,
,,,,,,,,,,Kitesurfen,,,
,,,,,,,,,,Labyrinth,,,
,,,,,,,,,,Marionette,,,
,,,,,,,,,,Murmeln,,,
,,,,,,,,,,Nussknacker,,,
,,,,,,,,,,Flipper,,,
,,,,,,,,,,Puzzle,,,
,,,,,,,,,,Rennen,,,
,,,,,,,,,,Rutsche,,,
,,,,,,,,,,Sandkasten,,,
,,,,,,,,,,Sandburg,,,
,,,,,,,,,,Schach,,,
,,,,,,,,,,Schaukel,,,
,,,,,,,,,,Schleuder,,,
,,,,,,,,,,Schneeball,,,
,,,,,,,,,,Schneemann,,,
,,,,,,,,,,Sport,,,
,,,,,,,,,,Sudoku,,,
,,,,,,,,,,Schwimmbad,,,
,,,,,,,,,,Tauchen,,,
,,,,,,,,,,Tennis,,,
,,,,,,,,,,Tischtennis,,,
,,,,,,,,,,Tischtennisschläger,,,
,,,,,,,,,,Tretmühle,,,
,,,,,,,,,,Volleyball,,,
,,,,,,,,,,Windrad,,,
,,,,,,,,,,Wippe,,,
,,,,,,,,,,Ziel,,,
,,,,,,,,,,BMX,,,
,,,,,,,,,,Ballett,,,
,,,,,,,,,,Billard,,,
,,,,,,,,,,Bungee Jumping,,,
,,,,,,,,,,Fechten,,,
,,,,,,,,,,Fidget Spinner,,,
,,,,,,,,,,Figur,,,
,,,,,,,,,,Flaschendrehen,,,
,,,,,,,,,,Hula Hoop,,,
,,,,,,,,,,Jenga,,,
,,,,,,,,,,Karate,,,
,,,,,,,,,,Kendama,,,
,,,,,,,,,,Kung Fu,,,
,,,,,,,,,,Lego,,,
,,,,,,,,,,Limbo,,,
,,,,,,,,,,Marathon,,,
,,,,,,,,,,Minigolf,,,
,,,,,,,,,,Paintball,,,
,,,,,,,,,,Pogo Stick,,,
,,,,,,,,,,Polo,,,
,,,,,,,,,,Puppe,,,
,,,,,,,,,,Puppenhaus,,,
,,,,,,,,,,Schneeballschlacht,,,
,,,,,,,,,,Seilspringen,,,
,,,,,,,,,,Seilrutsche,,,
,,,,,,,,,,Skispringen,,,
,,,,,,,,,,Skydiving,,,
,,,,,,,,,,Slinky,,,
,,,,,,,,,,Sparschwein,,,
,,,,,,,,,,Spielzeug,,,
,,,,,,,,,,Teddybär,,,
,,,,,,,,,,Tennisschläger,,,
,,,,,,,,,,Wasserpistole,,,
,,,,,,,,,,Wrestling,,,
,,,,,,,,,,Jo-Jo,,,
,,,,,,,,,,Zauberstab,,,
,,,,,,,,,,Zaubertrick,,,
,,,,,,,,,,Zuma,,,
,,,,,,,,,,Federball,,,
,,,,,,,,,,Frisbee,,,
,,,,,,,,,,Medaille,,,
,,,,,,,,,,Spiel,,,
,,,,,,,,,,Slalom,,,
,,,,,,,,,,Sumo,,,
,,,,,,,,,,Rollschuhe,,,
,,,,,,,,,,Stoppuhr,,,
,,,,,,,,,,Armband,,,
,,,,,,,,,,Augenbinde,,,
,,,,,,,,,,Band,,,
,,,,,,,,,,Brille,,,
,,,,,,,,,,,,,
,,,,,,,,,,Glanz,,,
,,,,,,,,,,Gürtel,,,
,,,,,,,,,,Haarschnitt,,,
,,,,,,,,,,Halskette,,,
,,,,,,,,,,Handschuh,,,
,,,,,,,,,,Helm,,,
,,,,,,,,,,Hose,,,
,,,,,,,,,,Hosentasche,,,
,,,,,,,,,,Hut,,,
,,,,,,,,,,Irokesenfrisur,,,
,,,,,,,,,,Jacke,,,
,,,,,,,,,,Jeans,,,
,,,,,,,,,,Kleid,,,
,,,,,,,,,,Knopf,,,
,,,,,,,,,,Krawatte,,,
,,,,,,,,,,Mantel,,,
,,,,,,,,,,Oberteil,,,
,,,,,,,,,,Parfüm,,,
,,,,,,,,,,Perücke,,,
,,,,,,,,,,Reißverschluss,,,
,,,,,,,,,,Ring,,,
,,,,,,,,,,Rüstung,,,
,,,,,,,,,,Schal,,,
,,,,,,,,,,Schleife,,,
,,,,,,,,,,Schnürsenkel,,,
,,,,,,,,,,Schuh,,,
,,,,,,,,,,Socken,,,
,,,,,,,,,,Sombrero,,,
,,,,,,,,,,Sonnenbrille,,,
,,,,,,,,,,Stiefel,,,
,,,,,,,,,,Tattoo,,,
,,,,,,,,,,Umhang,,,
,,,,,,,,,,Uniform,,,
,,,,,,,,,,Ziegenbart,,,
,,,,,,,,,,Afro Frisur,,,
,,,,,,,,,,Anzug,,,
,,,,,,,,,,Ärmel,,,
,,,,,,,,,,Badeanzug,,,
,,,,,,,,,,Gasmaske,,,
,,,,,,,,,,Goldkette,,,
,,,,,,,,,,Lockenwickler,,,
,,,,,,,,,,High Heels,,,
,,,,,,,,,,Kappe,,,
,,,,,,,,,,Kopftuch,,,
,,,,,,,,,,Lidschatten,,,
,,,,,,,,,,Lippenstift,,,
,,,,,,,,,,Maniküre,,,
,,,,,,,,,,Maske,,,
,,,,,,,,,,Mütze,,,
,,,,,,,,,,Nagelpflege,,,
,,,,,,,,,,Nasenring,,,
,,,,,,,,,,Pferdeschwanz,,,
,,,,,,,,,,Regenmantel,,,
,,,,,,,,,,Schamesröte,,,
,,,,,,,,,,Schaufensterpuppe,,,
,,,,,,,,,,Schlafanzug,,,
,,,,,,,,,,Schminke,,,
,,,,,,,,,,Schutzhelm,,,
,,,,,,,,,,Stirnband,,,
,,,,,,,,,,Sweatshirt,,,
,,,,,,,,,,Trend,,,
,,,,,,,,,,Zahnspange,,,
,,,,,,,,,,Zylinder,,,
,,,,,,,,,,Dirndl,,,
,,,,,,,,,,Hosenstall,,,
,,,,,,,,,,Nachthemd,,,
,,,,,,,,,,Nagellack,,,
,,,,,,,,,,Ohrring,,,
,,,,,,,,,,Sandalen,,,
,,,,,,,,,,Turban,,,
,,,,,,,,,,Bikini,,,
,,,,,,,,,,Hawaiihemd,,,
,,,,,,,,,,Badezimmer,,,
,,,,,,,,,,Bett,,,
,,,,,,,,,,Bettdecke,,,
,,,,,,,,,,Dach,,,
,,,,,,,,,,Dachboden,,,
,,,,,,,,,,Decke,,,
,,,,,,,,,,Deckenventilator,,,
,,,,,,,,,,Etagenbett,,,
,,,,,,,,,,Falltür,,,
,,,,,,,,,,Fenster,,,
,,,,,,,,,,Garage,,,
,,,,,,,,,,Garten,,,
,,,,,,,,,,Kamin,,,
,,,,,,,,,,Keller,,,
,,,,,,,,,,Kissen,,,
,,,,,,,,,,Küche,,,
,,,,,,,,,,Lampe,,,
,,,,,,,,,,Lüftung,,,
,,,,,,,,,,Matratze,,,
,,,,,,,,,,Möbel,,,
,,,,,,,,,,Raum,,,
,,,,,,,,,,Sauna,,,
,,,,,,,,,,Schornstein,,,
,,,,,,,,,,Schreibtisch,,,
,,,,,,,,,,Schublade,,,
,,,,,,,,,,Spiegel,,,
,,,,,,,,,,Stuhl,,,
,,,,,,,,,,Tapete,,,
,,,,,,,,,,Teppich,,,
,,,,,,,,,,Terrasse,,,
,,,,,,,,,,Thron,,,
,,,,,,,,,,Tisch,,,
,,,,,,,,,,Tor,,,
,,,,,,,,,,Tür,,,
,,,,,,,,,,Türklinke,,,
,,,,,,,,,,Türschloss,,,
,,,,,,,,,,Veranda,,,
,,,,,,,,,,Vorhang,,,
,,,,,,,,,,Wand,,,
,,,,,,,,,,Waschmaschine,,,
,,,,,,,,,,Zaun,,,
,,,,,,,,,,Zwischendecke,,,
,,,,,,,,,,Arbeitszimmer,,,
,,,,,,,,,,Aschenbecher,,,
,,,,,,,,,,Balkon,,,
,,,,,,,,,,Bücherregal,,,
,,,,,,,,,,Fußende,,,
,,,,,,,,,,Geschirrschrank,,,
,,,,,,,,,,Kerzenständer,,,
,,,,,,,,,,Kopfende,,,
,,,,,,,,,,Läufer,,,
,,,,,,,,,,Regal,,,
,,,,,,,,,,Roter Teppich,,,
,,,,,,,,,,Schrank,,,
,,,,,,,,,,Wohnzimmer,,,
,,,,,,,,,,Sitzsack,,,
,,,,,,,,,,Apokalypse,,,
,,,,,,,,,,Atlantis,,,
,,,,,,,,,,Außerirdischer,,,
,,,,,,,,,,Einhorn,,,
,,,,,,,,,,Fee,,,
,,,,,,,,,,Geist,,,
,,,,,,,,,,Goblin,,,
,,,,,,,,,,Held,,,
,,,,,,,,,,Hobbit,,,
,,,,,,,,,,Lichtschwert,,,
,,,,,,,,,,Magie,,,
,,,,,,,,,,Meerjungfrau,,,
,,,,,,,,,,Monster,,,
,,,,,,,,,,Portal,,,
,,,,,,,,,,Riese,,,
,,,,,,,,,,Vampir,,,
,,,,,,,,,,Wunderland,,,
,,,,,,,,,,Yeti,,,
,,,,,,,,,,Zauberer,,,
,,,,,,,,,,Zeitmaschine,,,
,,,,,,,,,,Zombie,,,
,,,,,,,,,,Zwerg,,,
,,,,,,,,,,Amor,,,
,,,,,,,,,,Cerberus,,,
,,,,,,,,,,Excalibur,,,
,,,,,,,,,,Feuerball,,,
,,,,,,,,,,fliegendes Schwein,,,
,,,,,,,,,,Gnom,,,
,,,,,,,,,,goldener Apfel,,,
,,,,,,,,,,goldenes Ei,,,
,,,,,,,,,,Goldtopf,,,
,,,,,,,,,,Heinzelmännchen,,,
,,,,,,,,,,Hexe,,,
,,,,,,,,,,Minotaurus,,,
,,,,,,,,,,Mumie,,,
,,,,,,,,,,Sphinx,,,
,,,,,,,,,,Star Wars,,,
,,,,,,,,,,Superkraft,,,
,,,,,,,,,,UFO,,,
,,,,,,,,,,Voodoo,,,
,,,,,,,,,,Werwolf,,,
,,,,,,,,,,Zaubertrank,,,
,,,,,,,,,,Zentaur,,,
,,,,,,,,,,Frieden,,,
,,,,,,,,,,Hologramm,,,
,,,,,,,,,,Luftschloss,,,
,,,,,,,,,,Paralleluniversum,,,
,,,,,,,,,,Reinkarnation,,,
,,,,,,,,,,Teufel,,,
,,,,,,,,,,Wunderlampe,,,
,,,,,,,,,,Zyklop,,,
,,,,,,,,,,Poseidon,,,
,,,,,,,,,,Zeus,,,
,,,,,,,,,,Ameisenhaufen,,,
,,,,,,,,,,Bienenstock,,,
,,,,,,,,,,Fell,,,
,,,,,,,,,,Fühler,,,
,,,,,,,,,,Honigwabe,,,
,,,,,,,,,,Horn,,,
,,,,,,,,,,Huf,,,
,,,,,,,,,,Klaue,,,
,,,,,,,,,,Leine,,,
,,,,,,,,,,Nest,,,
,,,,,,,,,,Netz,,,
,,,,,,,,,,Safari,,,
,,,,,,,,,,Schnabel,,,
,,,,,,,,,,Schwanz,,,
,,,,,,,,,,Schwarm,,,
,,,,,,,,,,Aquarium,,,
,,,,,,,,,,Euter,,,
,,,,,,,,,,Feder,,,
,,,,,,,,,,Flügel,,,
,,,,,,,,,,Herde,,,
,,,,,,,,,,Insekt,,,
,,,,,,,,,,Katzenklo,,,
,,,,,,,,,,Kokon,,,
,,,,,,,,,,Kuhglocke,,,
,,,,,,,,,,Mäusefalle,,,
,,,,,,,,,,Pfote,,,
,,,,,,,,,,Reptil,,,
,,,,,,,,,,Schnauze,,,
,,,,,,,,,,Tentakel,,,
,,,,,,,,,,Tierfutter,,,
,,,,,,,,,,Vogelbad,,,
,,,,,,,,,,Daune,,,
,,,,,,,,,,Elfenbein,,,
,,,,,,,,,,Maulkorb,,,
,,,,,,,,,,Ringelschwanz,,,
,,,,,,,,,,Terrarium,,,
,,,,,,,,,,Perle,,,
,,,,,,,,,,Urknall,,,
,,,,,,,,,,Schlumpf,,,
,,,,,,,,,,Sesamstraße,,,
,,,,,,,,,,grüne Welle,,,
,,,,,,,,,,,,,
,,,,,,,,,,Munition,,,
,,,,,,,,,,Anatomie,,,
,,,,,,,,,,Geweih,,,
,,,,,,,,,,App,,,
,,,,,,,,,,,,,
,,,,,,,,,,Sessel,,,
,,,,,,,,,,Asterisk,,,
,,,,,,,,,,Asteroidengürtel,,,
,,,,,,,,,,Badminton,,,
,,,,,,,,,,Bademantel,,,
,,,,,,,,,,Bart,,,
,,,,,,,,,,Baskenmütze,,,
,,,,,,,,,,Vogelkäfig,,,
,,,,,,,,,,,,,
,,,,,,,,,,Blaupause,,,
,,,,,,,,,,Knochen,,,
,,,,,,,,,,,,,
,,,,,,,,,,Güterwagen,,,
,,,,,,,,,,,,,
,,,,,,,,,,Zopf,,,
,,,,,,,,,,Braille,,,
,,,,,,,,,,Breakdance,,,
,,,,,,,,,,Buffet,,,
,,,,,,,,,,Bullseye,,,
,,,,,,,,,,Verbrennung,,,
,,,,,,,,,,Seilbahn,,,
,,,,,,,,,,Kanu,,,
,,,,,,,,,,Auto,,,
,,,,,,,,,,Chaos,,,
,,,,,,,,,,Dame,,,
,,,,,,,,,,Splitter,,,
,,,,,,,,,,,,,
,,,,,,,,,,Clogs,,,
,,,,,,,,,,Spinnennetz,,,
,,,,,,,,,,,,,
,,,,,,,,,,,,,
,,,,,,,,,,Sternbild,,,
,,,,,,,,,,Fließband,,,
,,,,,,,,,,Corrida,,,
,,,,,,,,,,Couch,,,
,,,,,,,,,,Countdown,,,
,,,,,,,,,,Hürde,,,
,,,,,,,,,,Kran,,,
,,,,,,,,,,Cricket,,,
,,,,,,,,,,Kristallkugel,,,
,,,,,,,,,,,,,
,,,,,,,,,,Molkerei,,,
,,,,,,,,,,Damm,,,
,,,,,,,,,,Tagtraum,,,
,,,,,,,,,,Defibrillator,,,
,,,,,,,,,,Stockcarrennen,,,
,,,,,,,,,,Grube,,,
,,,,,,,,,,Geschirrspüler,,,
,,,,,,,,,,Fußmatte,,,
,,,,,,,,,,,,,
,,,,,,,,,,Ohrenschützer,,,
,,,,,,,,,,Eiersuchen,,,
,,,,,,,,,,Elfe,,,
,,,,,,,,,,,,,
,,,,,,,,,,Augenklappe,,,
,,,,,,,,,,Märchen,,,
,,,,,,,,,,Fallout,,,
,,,,,,,,,,,,,
,,,,,,,,,,Fieber,,,
,,,,,,,,,,Fifa,,,
,,,,,,,,,,Fingerabdruck,,,
,,,,,,,,,,Kraftfeld,,,
,,,,,,,,,,Freundschaftsband,,,
,,,,,,,,,,Wundbrand,,,
,,,,,,,,,,Müllwagen,,,
,,,,,,,,,,Segelflugzeug,,,
,,,,,,,,,,Göttin,,,
,,,,,,,,,,Golem,,,
,,,,,,,,,,Gondel,,,
,,,,,,,,,,Graphit,,,
,,,,,,,,,,,,,
,,,,,,,,,,,,,
,,,,,,,,,,Schwarzpulver,,,
,,,,,,,,,,,,,
,,,,,,,,,,Haarband,,,
,,,,,,,,,,,,,
,,,,,,,,,,Luke,,,
,,,,,,,,,,Feuerstelle,,,
,,,,,,,,,,,,,
,,,,,,,,,,Pflanzenfresser,,,
,,,,,,,,,,Loch,,,
,,,,,,,,,,Heißluftballon,,,
,,,,,,,,,,Hydra,,,
,,,,,,,,,,Eiszeit,,,
,,,,,,,,,,Eisfischen,,,
,,,,,,,,,,,,,
,,,,,,,,,,Pullover,,,
,,,,,,,,,,Jet Pack,,,
,,,,,,,,,,,,,
,,,,,,,,,,Kilt,,,
,,,,,,,,,,Müllkippe,,,
,,,,,,,,,,,,,
,,,,,,,,,,,,,
,,,,,,,,,,Schlaufe,,,
,,,,,,,,,,Mähne,,,
,,,,,,,,,,Mathematik,,,
,,,,,,,,,,,,,
,,,,,,,,,,Monokel,,,
,,,,,,,,,,Noten,,,
,,,,,,,,,,Narnia,,,
,,,,,,,,,,Nachtlicht,,,
,,,,,,,,,,Ungeheuer,,,
,,,,,,,,,,,,,
,,,,,,,,,,Olympische Spiele,,,
,,,,,,,,,,Overwatch,,,
,,,,,,,,,,Speisekammer,,,
,,,,,,,,,,,,,
,,,,,,,,,,Papierflieger,,,
,,,,,,,,,,,,,
,,,,,,,,,,,,,
,,,,,,,,,,,,,
,,,,,,,,,,Phoenix,,,
,,,,,,,,,,Pinata,,,
,,,,,,,,,,,,,
,,,,,,,,,,Pixel,,,
,,,,,,,,,,,,,
,,,,,,,,,,töpfern,,,
,,,,,,,,,,Preis,,,
,,,,,,,,,,,,,
,,,,,,,,,,,,,
,,,,,,,,,,Renaissance,,,
,,,,,,,,,,Robe,,,
,,,,,,,,,,klettern,,,
,,,,,,,,,,,,,
,,,,,,,,,,Rodeo,,,
,,,,,,,,,,,,,
,,,,,,,,,,Saphir,,,
,,,,,,,,,,Satellitenschüssel,,,
,,,,,,,,,,Kratzer,,,
,,,,,,,,,,Selfie,,,
,,,,,,,,,,Sternschnuppe,,,
,,,,,,,,,,Shorts,,,
,,,,,,,,,,Koteletten,,,
,,,,,,,,,,SIM Karte,,,
,,,,,,,,,,Hausschuhe,,,
,,,,,,,,,,Schneemobil,,,
,,,,,,,,,,Sockenpuppe,,,
,,,,,,,,,,Solarzelle,,,
,,,,,,,,,,Rennboot,,,
,,,,,,,,,,Fleck,,,
,,,,,,,,,,Steuerrad,,,
,,,,,,,,,,Strichmännchen,,,
,,,,,,,,,,Strumpf,,,
,,,,,,,,,,Hocker,,,
,,,,,,,,,,,,,
,,,,,,,,,,,,,
,,,,,,,,,,Sumoringer,,,
,,,,,,,,,,Stepptanz,,,
,,,,,,,,,,Teebeutel,,,
,,,,,,,,,,,,,
,,,,,,,,,,Fliese,,,
,,,,,,,,,,Lametta,,,
,,,,,,,,,,Giftmüll,,,
,,,,,,,,,,,,,
,,,,,,,,,,,,,
,,,,,,,,,,,,,
,,,,,,,,,,Troll,,,
,,,,,,,,,,Rüssel,,,
,,,,,,,,,,Tauziehen,,,
,,,,,,,,,,,,,
,,,,,,,,,,Tutu,,,
,,,,,,,,,,Fahrzeug,,,
,,,,,,,,,,Schleier,,,
,,,,,,,,,,Getränkeautomat,,,
,,,,,,,,,,Weste,,,
,,,,,,,,,,Planwagen,,,
,,,,,,,,,,Krieg,,,
,,,,,,,,,,Garderobe,,,
,,,,,,,,,,,,,
,,,,,,,,,,Wetterhahn,,,
,,,,,,,,,,Rollstuhl,,,
,,,,,,,,,,Schnurrhaare,,,
,,,,,,,,,,Whiteboard,,,
,,,,,,,,,,Windpark,,,
,,,,,,,,,,,,,
,,,,,,,,,,,,,
,,,,,,,,,,Abrissbirne,,,
,,,,,,,,,,Yoga,,,
,,,,,,,,,,Sternzeichen,,,
,,,,,,,,,,Verstärker,,,
,,,,,,,,,,Broadway,,,
,,,,,,,,,,,,,
,,,,,,,,,,,,,
,,,,,,,,,,Didgeridoo,,,
,,,,,,,,,,Trommelwirbel,,,
,,,,,,,,,,Gong,,,
,,,,,,,,,,Grammofon,,,
,,,,,,,,,,Guiro,,,
,,,,,,,,,,Koto,,,
,,,,,,,,,,Laute,,,
,,,,,,,,,,Schlägel,,,
,,,,,,,,,,Marimba,,,
,,,,,,,,,,Musik,,,
,,,,,,,,,,Juke Box,,,
,,,,,,,,,,Okarina,,,
,,,,,,,,,,Sitar,,,
,,,,,,,,,,Tambourin,,,
,,,,,,,,,,Theremin,,,
,,,,,,,,,,Stimmgabel,,,
,,,,,,,,,,Algerien,,,
,,,,,,,,,,Barcelona,,,
,,,,,,,,,,Berliner Mauer,,,
,,,,,,,,,,Großbritannien,,,
,,,,,,,,,,Chile,,,
,,,,,,,,,,Kolumbien,,,
,,,,,,,,,,Totes Meer,,,
,,,,,,,,,,Dänemark,,,
,,,,,,,,,,Osterinseln,,,
,,,,,,,,,,Ärmelkanal,,,
,,,,,,,,,,Finnland,,,
,,,,,,,,,,Grand Canyon,,,
,,,,,,,,,,Great Barrier Reef,,,
,,,,,,,,,,Grönland,,,
,,,,,,,,,,Ungarn,,,
,,,,,,,,,,Indonesien,,,
,,,,,,,,,,Iran,,,
,,,,,,,,,,Loch Ness,,,
,,,,,,,,,,Louvre,,,
,,,,,,,,,,Machu-Picchu,,,
,,,,,,,,,,Marokko,,,
,,,,,,,,,,Fujiyama,,,
,,,,,,,,,,Nepal,,,
,,,,,,,,,,,,,
,,,,,,,,,,Notre-Dame,,,
,,,,,,,,,,Pakistan,,,
,,,,,,,,,,Peru,,,
,,,,,,,,,,Philippinen,,,
,,,,,,,,,,Polen,,,
,,,,,,,,,,Pompeji,,,
,,,,,,,,,,Serbien,,,
,,,,,,,,,,Slowakei,,,
,,,,,,,,,,Somalia,,,
,,,,,,,,,,Südkorea,,,
,,,,,,,,,,Stonehenge,,,
,,,,,,,,,,Schweden,,,
,,,,,,,,,,Taj Mahal,,,
,,,,,,,,,,Thailand,,,
,,,,,,,,,,Tibet,,,
,,,,,,,,,,Türkei,,,
,,,,,,,,,,Uganda,,,
,,,,,,,,,,Ukraine,,,
,,,,,,,,,,Uluru,,,
,,,,,,,,,,,,,
,,,,,,,,,,Vietnam,,,
,,,,,,,,,,Wales,,,
,,,,,,,,,,Weißes Haus,,,
,,,,,,,,,,Zimbabwe,,,
,,,,,,,,,,,,,
,,,,,,,,,,Arterie,,,
,,,,,,,,,,Körperteil,,,
,,,,,,,,,,Augenlid,,,
,,,,,,,,,,Faust,,,
,,,,,,,,,,,,,
,,,,,,,,,,Leber,,,
,,,,,,,,,,Ringfinger,,,
,,,,,,,,,,,,,
,,,,,,,,,,Aquaman,,,
,,,,,,,,,,Athene,,,
,,,,,,,,,,Bigfoot,,,
,,,,,,,,,,,,,
,,,,,,,,,,Buddha,,,
,,,,,,,,,,Aschenputtel,,,
,,,,,,,,,,Darth Vader,,,
,,,,,,,,,,Donkey Kong,,,
,,,,,,,,,,,,,
,,,,,,,,,,Ed Sheeran,,,
,,,,,,,,,,Godzilla,,,
,,,,,,,,,,Goldlöckchen,,,
,,,,,,,,,,Sensenmann,,,
,,,,,,,,,,Hades,,,
,,,,,,,,,,Hermes,,,
,,,,,,,,,,Isaac Newton,,,
,,,,,,,,,,Jedi,,,
,,,,,,,,,,Knuckles,,,
,,,,,,,,,,Loki,,,
,,,,,,,,,,Moby Dick,,,
,,,,,,,,,,Napoleon,,,
,,,,,,,,,,Der gestiefelte Kater,,,
,,,,,,,,,,,,,
,,,,,,,,,,Romeo und Julia,,,
,,,,,,,,,,Schneewittchen,,,
,,,,,,,,,,,,,
,,,,,,,,,,Stitch,,,
,,,,,,,,,,,,,
,,,,,,,,,,Totoro,,,
,,,,,,,,,,Van Gogh,,,
,,,,,,,,,,Burger King,,,
,,,,,,,,,,Firefox,,,
,,,,,,,,,,Pizza Hut,,,
,,,,,,,,,,Spotify,,,
,,,,,,,,,,,,,
,,,,,,,,,,Busbahnhof,,,
,,,,,,,,,,Kontrollturm,,,
,,,,,,,,,,,,,
,,,,,,,,,,,,,
,,,,,,,,,,Tankstelle,,,
,,,,,,,,,,Gewächshaus,,,
,,,,,,,,,,Fitnesscenter,,,
,,,,,,,,,,Geisterbahn,,,
,,,,,,,,,,,,,
,,,,,,,,,,Burggraben,,,
,,,,,,,,,,Telefonzelle,,,
,,,,,,,,,,,,,
,,,,,,,,,,Kraftwerk,,,
,,,,,,,,,,Hochspannungsmast,,,
,,,,,,,,,,Altersheim,,,
,,,,,,,,,,Bremsschwelle,,,
,,,,,,,,,,Stall,,,
,,,,,,,,,,Straßenlaterne,,,
,,,,,,,,,,Tipi,,,
,,,,,,,,,,Bahnhof,,,
,,,,,,,,,,Strommast,,,
,,,,,,,,,,Wachturm,,,
,,,,,,,,,,Wasserturm,,,
,,,,,,,,,,Wunschbrunnen,,,
,,,,,,,,,,,,,
,,,,,,,,,,Lawine,,,
,,,,,,,,,,Bonsai,,,
,,,,,,,,,,,,,
,,,,,,,,,,,,,
,,,,,,,,,,Flut,,,
,,,,,,,,,,Getreide,,,
,,,,,,,,,,Hecke,,,
,,,,,,,,,,,,,
,,,,,,,,,,Ahorn,,,
,,,,,,,,,,Wiese,,,
,,,,,,,,,,,,,
,,,,,,,,,,,,,
,,,,,,,,,,Obstgarten,,,
,,,,,,,,,,Kieselstein,,,
,,,,,,,,,,Pflanze,,,
,,,,,,,,,,Pollen,,,
,,,,,,,,,,,,,
,,,,,,,,,,Savanne,,,
,,,,,,,,,,Knospe,,,
,,,,,,,,,,Stock,,,
,,,,,,,,,,,,,
,,,,,,,,,,Dorn,,,
,,,,,,,,,,Baumstamm,,,
,,,,,,,,,,Tsunami,,,
,,,,,,,,,,Tumbleweed,,,
,,,,,,,,,,Tundra,,,
,,,,,,,,,,,,,
,,,,,,,,,,Einöde,,,
,,,,,,,,,,Weizen,,,
,,,,,,,,,,,,,
,,,,,,,,,,antik,,,
,,,,,,,,,,ausgestorben,,,
,,,,,,,,,,frisch,,,
,,,,,,,,,,hell,,,
,,,,,,,,,,modern,,,
,,,,,,,,,,atomar,,,
,,,,,,,,,,besessen,,,
,,,,,,,,,,lila,,,
,,,,,,,,,,,,,
,,,,,,,,,,struppig,,,
,,,,,,,,,,kopfüber,,,